,Date,Price,Open,High,Low,Vol
0,"Aug 22, 2019",10.65,10.65,10.70,10.60,39.80K
1,"Aug 21, 2019",10.65,10.70,10.70,10.60,757.60K
2,"Aug 20, 2019",10.65,10.70,10.75,10.60,58.00K
3,"Aug 19, 2019",10.75,10.75,10.80,10.65,736.20K
4,"Aug 16, 2019",10.75,10.75,10.80,10.70,2.65M
5,"Aug 15, 2019",10.75,10.70,10.80,10.70,190.30K
6,"Aug 14, 2019",10.60,10.80,10.80,10.60,289.60K
7,"Aug 13, 2019",10.65,10.50,10.80,10.50,119.80K
8,"Aug 09, 2019",10.65,10.70,10.75,10.50,354.90K
9,"Aug 08, 2019",10.75,10.75,10.85,10.65,168.30K
10,"Aug 07, 2019",10.65,10.80,10.90,10.60,102.30K
11,"Aug 06, 2019",10.65,10.80,10.80,10.60,113.50K
12,"Aug 05, 2019",10.70,10.80,10.80,10.60,102.40K
13,"Aug 02, 2019",10.70,10.85,10.85,10.65,517.40K
14,"Aug 01, 2019",10.60,10.60,10.70,10.60,56.40K
15,"Jul 31, 2019",10.65,10.60,10.80,10.55,68.00K
16,"Jul 30, 2019",10.55,10.50,10.80,10.50,64.80K
17,"Jul 29, 2019",10.50,10.85,10.85,10.50,93.90K
18,"Jul 26, 2019",10.45,10.35,10.95,10.35,48.80K
19,"Jul 25, 2019",10.40,10.45,10.50,10.35,520.30K
20,"Jul 24, 2019",10.35,10.40,10.40,10.35,116.00K
21,"Jul 23, 2019",10.30,10.35,10.40,10.25,15.50M
22,"Jul 22, 2019",10.30,10.40,10.40,10.25,354.20K
23,"Jul 19, 2019",10.30,10.35,10.35,10.30,105.60K
24,"Jul 18, 2019",10.30,10.50,10.50,10.25,1.13M
25,"Jul 17, 2019",10.35,11.00,11.00,10.30,97.80K
26,"Jul 16, 2019",10.30,10.25,10.50,10.25,591.60K
27,"Jul 15, 2019",10.25,10.25,10.50,10.25,72.70K
28,"Jul 12, 2019",10.30,10.40,10.40,10.25,47.40K
29,"Jul 11, 2019",10.35,10.35,10.40,10.30,310.40K
30,"Jul 10, 2019",10.30,10.35,10.35,10.30,289.60K
31,"Jul 09, 2019",10.25,10.35,10.40,10.25,117.40K
32,"Jul 08, 2019",10.25,10.50,10.50,10.25,217.40K
33,"Jul 05, 2019",10.30,10.40,10.50,10.30,49.90K
34,"Jul 04, 2019",10.20,10.35,10.40,10.20,10.14M
35,"Jul 03, 2019",10.35,10.35,10.40,10.30,274.00K
36,"Jul 02, 2019",10.35,10.40,10.50,10.30,186.40K
37,"Jul 01, 2019",10.40,10.35,10.50,10.35,79.30K
38,"Jun 28, 2019",10.45,10.45,10.50,10.35,340.20K
39,"Jun 27, 2019",10.40,10.45,10.45,10.35,1.54M
40,"Jun 26, 2019",10.35,10.45,10.45,10.30,216.90K
41,"Jun 25, 2019",10.40,10.40,10.45,10.35,1.85M
42,"Jun 24, 2019",10.35,10.40,10.40,10.35,233.00K
43,"Jun 21, 2019",10.40,10.50,10.50,10.35,61.10K
44,"Jun 20, 2019",10.40,10.45,10.50,10.35,322.90K
45,"Jun 19, 2019",10.40,10.50,10.50,10.30,2.18M
46,"Jun 18, 2019",10.35,10.50,10.50,10.30,1.32M
47,"Jun 17, 2019",10.30,10.35,10.40,10.25,139.70K
48,"Jun 14, 2019",10.35,11.00,11.00,10.25,430.40K
49,"Jun 13, 2019",10.25,10.70,10.70,10.25,235.20K
50,"Jun 12, 2019",10.30,10.50,10.50,10.25,1.21M
51,"Jun 11, 2019",10.40,10.35,10.50,10.30,1.37M
52,"Jun 10, 2019",10.30,10.35,10.35,10.25,1.87M
53,"Jun 07, 2019",10.40,10.45,10.45,10.35,117.90K
54,"Jun 06, 2019",10.40,10.50,10.50,10.30,1.28M
55,"Jun 04, 2019",10.35,10.50,10.50,10.30,67.80K
56,"Jun 03, 2019",10.30,10.30,10.40,10.25,219.70K
57,"May 31, 2019",10.25,10.25,10.50,10.20,154.10K
58,"May 30, 2019",10.30,10.45,10.45,10.25,2.28M
59,"May 29, 2019",10.40,10.40,10.55,10.30,621.40K
60,"May 28, 2019",10.40,10.40,10.50,10.35,310.80K
61,"May 27, 2019",10.40,10.50,10.55,10.30,56.80K
62,"May 24, 2019",10.35,10.30,10.45,10.30,135.70K
63,"May 23, 2019",10.30,10.45,10.55,10.30,129.20K
64,"May 22, 2019",10.45,10.50,10.70,10.05,538.00K
65,"May 21, 2019",10.15,10.60,10.60,10.05,89.50K
66,"May 20, 2019",10.45,10.20,10.55,10.05,2.67M
67,"May 17, 2019",10.50,10.60,10.65,10.50,350.10K
68,"May 16, 2019",10.55,10.60,10.65,10.50,109.20K
69,"May 15, 2019",10.60,10.65,10.70,10.60,313.90K
70,"May 14, 2019",10.65,10.75,10.75,10.60,6.73M
71,"May 13, 2019",10.65,10.75,10.75,10.60,51.10K
72,"May 10, 2019",10.65,10.80,10.80,10.65,202.30K
73,"May 09, 2019",10.75,10.70,10.95,10.65,934.40K
74,"May 08, 2019",10.70,11.00,11.00,10.65,589.70K
75,"May 07, 2019",10.70,10.70,10.75,10.60,127.90K
76,"May 06, 2019",10.55,10.50,10.70,10.50,120.50K
77,"May 03, 2019",10.55,10.70,10.70,10.50,298.20K
78,"May 02, 2019",10.50,11.90,11.90,10.25,365.70K
79,"Apr 30, 2019",12.00,11.95,12.15,11.90,1.86M
80,"Apr 29, 2019",11.90,12.30,12.30,11.80,340.60K
81,"Apr 26, 2019",11.95,11.95,12.00,11.90,366.60K
82,"Apr 25, 2019",11.90,11.95,12.00,11.80,225.60K
83,"Apr 24, 2019",12.00,12.00,12.05,11.95,2.08M
84,"Apr 23, 2019",11.90,12.00,12.10,11.55,200.80K
85,"Apr 18, 2019",11.95,12.10,12.10,11.80,408.50K
86,"Apr 17, 2019",12.00,12.05,12.10,12.00,153.70K
87,"Apr 16, 2019",12.00,12.00,12.20,12.00,374.10K
88,"Apr 15, 2019",12.00,12.00,12.05,12.00,116.90K
89,"Apr 12, 2019",12.05,12.30,12.30,12.00,113.90K
90,"Apr 11, 2019",12.05,12.10,12.40,12.00,464.90K
91,"Apr 10, 2019",12.10,12.00,12.45,12.00,255.90K
92,"Apr 09, 2019",12.00,12.05,12.30,12.00,98.30K
93,"Apr 08, 2019",12.00,12.00,12.50,11.95,1.18M
94,"Apr 05, 2019",11.95,11.95,12.00,11.95,145.20K
95,"Apr 04, 2019",11.90,11.90,12.00,11.90,739.00K
96,"Apr 03, 2019",11.85,12.00,12.00,11.85,286.20K
97,"Apr 02, 2019",11.90,11.90,11.90,11.85,688.60K
98,"Mar 29, 2019",11.80,11.75,11.90,11.70,158.10K
99,"Mar 28, 2019",11.75,11.90,11.90,11.70,234.10K
100,"Mar 27, 2019",11.85,12.00,12.00,11.80,403.80K
101,"Mar 26, 2019",11.85,11.95,12.00,11.80,429.00K
102,"Mar 25, 2019",11.85,12.00,12.00,11.80,133.50K
103,"Mar 22, 2019",11.95,11.90,12.00,11.85,3.92M
104,"Mar 21, 2019",11.90,11.90,11.95,11.85,105.40K
105,"Mar 20, 2019",11.90,11.90,12.00,11.80,638.80K
106,"Mar 19, 2019",11.90,11.95,12.00,11.85,2.12M
107,"Mar 18, 2019",11.90,11.85,11.95,11.85,371.70K
108,"Mar 15, 2019",11.85,11.75,11.95,11.75,383.00K
109,"Mar 14, 2019",11.85,11.85,11.85,11.70,3.80M
110,"Mar 13, 2019",11.80,11.85,11.85,11.70,182.30K
111,"Mar 12, 2019",11.80,11.80,11.90,11.70,164.70K
112,"Mar 11, 2019",11.70,11.55,11.90,11.40,186.60K
113,"Mar 08, 2019",11.60,11.90,11.90,11.25,342.30K
114,"Mar 07, 2019",11.75,11.60,12.00,11.60,1.07M
115,"Mar 06, 2019",11.75,12.00,12.00,11.60,5.04M
116,"Mar 05, 2019",11.40,11.30,11.90,11.30,450.80K
117,"Mar 04, 2019",11.30,11.20,11.50,11.20,124.10K
118,"Mar 01, 2019",11.30,11.80,11.80,11.20,185.10K
119,"Feb 28, 2019",11.10,11.40,11.40,10.95,2.00M
120,"Feb 27, 2019",11.35,11.60,11.60,11.00,123.20K
121,"Feb 26, 2019",11.60,11.65,11.70,11.55,857.30K
122,"Feb 25, 2019",11.55,11.60,11.65,11.50,873.00K
123,"Feb 22, 2019",11.50,11.60,11.80,11.50,1.06M
124,"Feb 21, 2019",11.60,11.80,11.80,11.50,52.50K
125,"Feb 20, 2019",11.70,11.50,11.80,11.45,151.40K
126,"Feb 19, 2019",11.45,11.60,11.60,11.30,242.40K
127,"Feb 18, 2019",11.50,11.70,11.80,11.30,174.00K
128,"Feb 15, 2019",11.80,11.90,12.00,11.55,251.10K
129,"Feb 14, 2019",11.85,11.90,11.95,11.80,510.90K
130,"Feb 13, 2019",11.90,11.95,12.10,11.90,531.10K
131,"Feb 12, 2019",12.00,12.00,12.10,11.95,608.40K
132,"Feb 11, 2019",12.20,12.50,12.50,12.05,249.80K
133,"Feb 08, 2019",12.25,11.90,12.50,11.90,51.40K
134,"Feb 07, 2019",11.95,11.90,12.00,11.90,18.46M
135,"Feb 06, 2019",11.60,11.50,11.90,11.50,103.80K
136,"Feb 05, 2019",11.50,11.50,12.00,11.45,3.32M
137,"Feb 04, 2019",11.45,11.55,11.55,11.40,131.10K
138,"Feb 01, 2019",11.45,11.50,11.50,11.45,152.20K
139,"Jan 31, 2019",11.50,11.50,11.55,11.30,11.73M
140,"Jan 30, 2019",11.50,11.65,11.80,11.30,783.60K
141,"Jan 29, 2019",11.55,11.50,11.60,11.50,58.00K
142,"Jan 28, 2019",11.50,11.60,11.80,11.35,2.71M
143,"Jan 25, 2019",11.35,11.30,11.50,11.30,94.90K
144,"Jan 24, 2019",11.45,11.40,11.80,11.40,582.90K
145,"Jan 23, 2019",11.45,11.50,11.55,11.40,176.60K
146,"Jan 22, 2019",11.50,11.60,11.70,11.50,127.90K
147,"Jan 21, 2019",11.55,11.50,11.90,11.50,623.70K
148,"Jan 18, 2019",11.65,11.50,11.80,11.50,650.80K
149,"Jan 17, 2019",11.50,11.50,11.80,11.50,153.10K
150,"Jan 16, 2019",11.35,11.40,11.50,11.10,47.10K
151,"Jan 15, 2019",11.20,11.10,11.50,11.00,58.50K
152,"Jan 14, 2019",11.05,11.20,11.30,11.00,272.10K
153,"Jan 11, 2019",11.10,11.20,11.20,11.05,75.60K
154,"Jan 10, 2019",11.10,11.00,11.50,11.00,92.30K
155,"Jan 09, 2019",11.00,11.00,11.10,11.00,113.50K
156,"Jan 08, 2019",11.00,10.90,11.00,10.90,35.40K
157,"Jan 07, 2019",10.90,10.90,11.00,10.85,153.60K
158,"Jan 04, 2019",10.90,10.90,11.00,10.85,47.30K
159,"Jan 03, 2019",10.90,10.95,11.00,10.85,53.20K
160,"Jan 02, 2019",10.85,11.00,11.00,10.80,120.20K
161,"Dec 31, 2018",10.95,11.00,11.00,10.90,241.10K
162,"Dec 28, 2018",10.90,10.90,11.50,10.85,40.60K
163,"Dec 27, 2018",11.05,11.65,11.65,10.85,31.30K
164,"Dec 24, 2018",11.05,11.50,11.50,10.95,68.80K
165,"Dec 21, 2018",11.10,11.20,11.25,11.00,80.70K
166,"Dec 20, 2018",10.95,10.95,11.10,10.85,49.70K
167,"Dec 19, 2018",10.95,10.95,11.00,10.95,16.00K
168,"Dec 18, 2018",10.95,11.00,11.10,10.80,158.80K
169,"Dec 17, 2018",10.95,10.70,11.10,10.70,291.40K
170,"Dec 14, 2018",10.80,11.00,11.00,10.70,224.50K
171,"Dec 13, 2018",10.75,10.80,11.00,10.70,1.04M
172,"Dec 11, 2018",10.70,10.70,10.80,10.70,88.10K
173,"Dec 10, 2018",10.75,10.80,10.80,10.70,402.10K
174,"Dec 07, 2018",10.75,10.90,10.90,10.70,368.40K
175,"Dec 06, 2018",10.75,10.75,11.00,10.70,571.70K
176,"Dec 05, 2018",10.70,11.00,11.00,10.70,92.90K
177,"Dec 04, 2018",10.70,10.75,10.75,10.65,488.70K
178,"Dec 03, 2018",10.70,10.75,10.95,10.70,171.40K
179,"Nov 30, 2018",10.75,10.75,10.95,10.70,169.10K
180,"Nov 29, 2018",10.70,10.70,10.75,10.65,79.10K
181,"Nov 28, 2018",10.65,10.65,10.70,10.60,45.70K
182,"Nov 27, 2018",10.70,10.80,10.85,10.65,322.40K
183,"Nov 26, 2018",10.70,11.00,11.00,10.70,195.90K
184,"Nov 23, 2018",10.95,11.00,11.30,10.65,97.40K
185,"Nov 22, 2018",11.20,11.50,11.50,10.60,448.90K
186,"Nov 21, 2018",11.50,11.50,11.55,11.45,349.00K
187,"Nov 20, 2018",11.50,11.55,11.60,11.50,175.10K
188,"Nov 19, 2018",11.50,11.50,11.55,11.50,171.90K
189,"Nov 16, 2018",11.55,11.55,11.60,11.50,105.10K
190,"Nov 15, 2018",11.55,12.00,12.00,11.50,839.10K
191,"Nov 14, 2018",11.50,11.50,11.65,11.50,263.60K
192,"Nov 13, 2018",11.50,11.40,11.55,11.40,403.20K
193,"Nov 12, 2018",11.35,11.50,11.50,11.30,67.50K
194,"Nov 09, 2018",11.20,11.25,11.70,11.15,22.30K
195,"Nov 08, 2018",11.15,11.15,11.25,11.15,1.43M
196,"Nov 07, 2018",11.15,11.10,11.30,11.10,63.90K
197,"Nov 06, 2018",11.25,10.80,11.80,10.80,185.60K
198,"Nov 05, 2018",10.80,10.70,11.10,10.70,140.10K
199,"Nov 02, 2018",10.95,11.00,11.00,10.80,162.50K
200,"Nov 01, 2018",10.65,10.50,10.80,10.50,68.60K
201,"Oct 31, 2018",10.65,10.85,10.85,10.50,99.70K
202,"Oct 30, 2018",10.70,10.60,10.85,10.55,126.30K
203,"Oct 29, 2018",10.60,10.50,10.90,10.50,49.30K
204,"Oct 26, 2018",10.40,10.20,10.90,10.20,622.70K
205,"Oct 25, 2018",10.25,10.30,10.40,10.25,56.00K
206,"Oct 24, 2018",10.30,10.50,10.50,10.30,63.50K
207,"Oct 23, 2018",10.50,10.55,10.75,10.40,272.40K
208,"Oct 22, 2018",10.50,10.40,10.60,10.40,245.50K
209,"Oct 19, 2018",10.45,10.60,10.60,10.25,265.90K
210,"Oct 18, 2018",10.45,10.55,10.65,10.25,73.40K
211,"Oct 17, 2018",10.50,10.45,10.60,10.45,279.80K
212,"Oct 16, 2018",10.45,10.35,10.55,10.10,168.80K
213,"Oct 15, 2018",10.35,10.35,10.55,10.25,68.00K
214,"Oct 12, 2018",10.35,10.50,10.65,10.15,67.80K
215,"Oct 11, 2018",10.00,10.50,10.60,10.00,2.11M
216,"Oct 09, 2018",10.50,10.60,10.60,10.25,309.00K
217,"Oct 08, 2018",10.60,10.75,10.75,10.55,111.20K
218,"Oct 05, 2018",10.65,10.70,10.75,10.50,92.80K
219,"Oct 04, 2018",10.60,10.60,10.90,10.50,77.30K
220,"Oct 03, 2018",10.60,10.60,10.65,10.55,105.30K
221,"Oct 02, 2018",10.55,10.80,10.80,10.50,572.00K
222,"Oct 01, 2018",10.65,10.75,10.75,10.60,102.60K
223,"Sep 28, 2018",10.60,10.55,10.75,10.50,137.80K
224,"Sep 27, 2018",10.55,10.50,10.80,10.50,154.10K
225,"Sep 26, 2018",10.55,10.50,10.80,10.40,135.90K
226,"Sep 25, 2018",10.40,10.25,10.90,10.25,105.00K
227,"Sep 24, 2018",10.20,10.10,10.35,10.00,124.30K
228,"Sep 21, 2018",10.15,10.15,10.20,10.00,281.70K
229,"Sep 20, 2018",10.10,10.20,10.25,10.00,303.30K
230,"Sep 19, 2018",10.15,10.20,10.45,10.00,306.90K
231,"Sep 18, 2018",10.20,10.55,10.55,10.15,4.59M
232,"Sep 17, 2018",10.15,10.25,10.25,10.05,5.11M
233,"Sep 14, 2018",10.15,10.25,10.30,10.00,8.94M
234,"Sep 13, 2018",10.15,11.00,11.00,10.00,202.50K
235,"Sep 12, 2018",10.25,10.60,10.60,10.00,88.30K
236,"Sep 11, 2018",10.55,10.90,10.90,10.30,68.90K
237,"Sep 10, 2018",10.80,11.00,11.00,10.80,2.13M
238,"Sep 07, 2018",11.00,11.05,11.20,11.00,2.92M
239,"Sep 06, 2018",11.05,11.05,11.30,11.00,212.50K
240,"Sep 05, 2018",11.15,11.30,11.30,11.15,90.00K
241,"Sep 04, 2018",11.10,11.15,11.25,11.00,84.50K
242,"Sep 03, 2018",11.05,11.10,11.40,11.00,299.40K
243,"Aug 31, 2018",11.10,11.50,11.50,11.00,56.60K
244,"Aug 30, 2018",11.50,11.65,11.65,11.50,2.10M
245,"Aug 29, 2018",11.65,11.70,11.80,11.60,790.40K
246,"Aug 28, 2018",11.65,11.70,11.75,11.60,138.40K
247,"Aug 27, 2018",11.65,11.80,11.80,11.60,232.10K
248,"Aug 24, 2018",11.75,11.80,11.85,11.75,174.30K
249,"Aug 23, 2018",11.75,11.80,11.80,11.70,193.80K
250,"Aug 22, 2018",11.75,11.80,12.00,11.75,2.82M
251,"Aug 20, 2018",12.05,12.05,12.15,12.00,44.80K
252,"Aug 17, 2018",12.00,12.30,12.30,11.85,130.10K
253,"Aug 16, 2018",12.15,12.30,12.30,12.15,188.30K
254,"Aug 15, 2018",12.25,12.55,12.60,12.20,254.30K
255,"Aug 14, 2018",12.55,12.50,12.75,12.50,196.30K
256,"Aug 13, 2018",12.35,12.15,12.50,12.15,78.20K
257,"Aug 10, 2018",12.10,12.15,12.25,12.05,288.00K
258,"Aug 09, 2018",12.05,12.00,12.15,12.00,484.30K
259,"Aug 08, 2018",11.95,12.00,12.30,11.75,299.60K
260,"Aug 07, 2018",11.75,11.80,11.90,11.70,269.00K
261,"Aug 06, 2018",11.70,11.75,11.80,11.70,189.40K
262,"Aug 03, 2018",11.70,11.60,11.75,11.60,223.90K
263,"Aug 02, 2018",11.60,12.00,12.00,11.60,866.60K
264,"Aug 01, 2018",11.60,11.60,11.75,11.60,103.00K
265,"Jul 31, 2018",11.55,11.55,11.60,11.55,147.40K
266,"Jul 30, 2018",11.50,11.55,11.60,11.45,240.70K
267,"Jul 27, 2018",11.55,11.55,11.60,11.50,174.70K
268,"Jul 26, 2018",11.55,11.60,11.80,11.55,117.80K
269,"Jul 25, 2018",11.55,11.50,11.90,11.50,638.20K
270,"Jul 24, 2018",11.50,11.50,11.55,11.50,856.20K
271,"Jul 23, 2018",11.50,11.50,11.55,11.50,3.29M
272,"Jul 20, 2018",11.50,11.50,11.70,11.50,206.40K
273,"Jul 19, 2018",11.45,11.50,11.50,11.40,252.80K
274,"Jul 18, 2018",11.50,11.65,11.65,11.45,64.60K
275,"Jul 17, 2018",11.45,11.60,11.65,11.40,159.80K
276,"Jul 16, 2018",11.45,11.50,11.70,11.40,124.70K
277,"Jul 13, 2018",11.45,11.80,11.80,11.40,100.30K
278,"Jul 12, 2018",11.50,11.50,11.70,11.45,1.34M
279,"Jul 11, 2018",11.45,11.45,11.55,11.40,605.90K
280,"Jul 10, 2018",11.45,11.45,11.60,11.45,129.60K
281,"Jul 09, 2018",11.40,11.50,11.50,11.40,101.00K
282,"Jul 06, 2018",11.35,11.45,11.45,11.30,181.30K
283,"Jul 05, 2018",11.40,11.50,11.50,11.30,98.30K
284,"Jul 04, 2018",11.45,11.60,11.65,11.40,106.90K
285,"Jul 03, 2018",11.50,11.75,11.75,11.30,1.82M
286,"Jul 02, 2018",11.70,11.75,11.90,11.30,7.79M
287,"Jun 29, 2018",11.45,11.75,11.80,11.00,216.00K
288,"Jun 28, 2018",11.85,11.90,11.95,11.75,158.20K
289,"Jun 27, 2018",11.90,11.95,12.00,11.90,276.60K
290,"Jun 26, 2018",11.90,12.00,12.00,11.90,429.70K
291,"Jun 25, 2018",11.95,11.95,12.00,11.90,462.00K
292,"Jun 22, 2018",11.90,11.90,11.95,11.85,266.60K
293,"Jun 21, 2018",11.90,11.90,12.00,11.85,571.00K
294,"Jun 20, 2018",11.95,11.85,11.95,11.85,547.80K
295,"Jun 19, 2018",11.90,11.95,11.95,11.90,124.30K
296,"Jun 18, 2018",11.85,11.85,12.00,11.80,591.50K
297,"Jun 14, 2018",11.85,11.85,11.90,11.80,141.30K
298,"Jun 13, 2018",11.85,11.90,11.95,11.80,158.00K
299,"Jun 12, 2018",11.85,11.90,11.95,11.80,108.60K
300,"Jun 11, 2018",11.80,11.90,11.90,11.80,106.50K
301,"Jun 08, 2018",11.85,11.90,11.95,11.85,341.50K
302,"Jun 07, 2018",11.85,11.90,11.95,11.85,19.00K
303,"Jun 06, 2018",11.80,11.75,11.90,11.75,133.50K
304,"Jun 05, 2018",11.80,11.85,11.90,11.80,250.40K
305,"Jun 04, 2018",11.85,11.80,12.00,11.80,143.70K
306,"May 31, 2018",11.80,11.80,12.00,11.75,243.50K
307,"May 30, 2018",11.75,11.80,11.80,11.75,573.40K
308,"May 29, 2018",11.75,11.85,11.85,11.75,722.90K
309,"May 28, 2018",11.75,11.85,11.85,11.75,144.50K
310,"May 25, 2018",11.75,11.75,11.80,11.75,19.96M
311,"May 24, 2018",11.75,11.75,11.80,11.75,1.13M
312,"May 23, 2018",11.75,11.80,11.85,11.70,15.38M
313,"May 22, 2018",11.75,11.70,11.80,11.70,538.00K
314,"May 21, 2018",11.70,11.70,11.75,11.65,474.40K
315,"May 18, 2018",11.75,11.85,11.85,11.70,965.30K
316,"May 17, 2018",11.70,11.75,11.85,11.70,1.82M
317,"May 16, 2018",11.65,11.70,11.75,11.05,546.70K
318,"May 15, 2018",11.70,11.80,11.80,11.70,105.40K
319,"May 14, 2018",11.70,11.70,11.80,11.70,108.40K
320,"May 11, 2018",11.70,12.50,12.50,11.70,377.60K
321,"May 10, 2018",11.70,11.85,11.90,11.70,486.30K
322,"May 09, 2018",11.70,11.80,12.00,11.65,7.62M
323,"May 08, 2018",11.75,12.00,12.00,11.50,59.50K
324,"May 07, 2018",12.00,12.00,12.10,11.90,6.05M
325,"May 04, 2018",12.00,12.00,12.10,11.80,5.40M
326,"May 03, 2018",12.00,12.05,12.05,11.80,819.80K
327,"May 02, 2018",12.05,13.50,13.50,11.95,1.03M
328,"Apr 30, 2018",13.25,13.45,13.50,13.10,801.20K
329,"Apr 27, 2018",13.35,13.25,13.45,13.15,899.50K
330,"Apr 26, 2018",13.40,13.10,13.50,13.10,2.30M
331,"Apr 25, 2018",13.15,12.80,13.40,12.70,1.94M
332,"Apr 24, 2018",12.70,12.80,12.85,12.65,931.20K
333,"Apr 23, 2018",12.80,12.80,12.90,12.80,340.90K
334,"Apr 20, 2018",12.95,13.00,13.10,12.85,1.53M
335,"Apr 19, 2018",13.00,13.05,13.15,12.95,1.79M
336,"Apr 18, 2018",13.20,13.30,13.30,13.00,526.50K
337,"Apr 17, 2018",13.30,13.30,13.40,13.25,1.41M
338,"Apr 16, 2018",13.35,13.30,13.40,13.00,494.50K
339,"Apr 13, 2018",13.00,13.20,13.40,13.00,10.22M
340,"Apr 12, 2018",12.95,13.00,13.20,12.85,1.00M
341,"Apr 11, 2018",12.90,13.00,13.00,12.85,985.80K
342,"Apr 10, 2018",12.95,13.30,13.30,12.95,5.30M
343,"Apr 09, 2018",12.95,13.00,13.00,12.90,1.64M
344,"Apr 06, 2018",12.95,12.95,13.00,12.95,2.26M
345,"Apr 05, 2018",12.95,13.00,13.00,12.85,376.20K
346,"Apr 04, 2018",12.80,12.80,13.00,12.80,1.32M
347,"Apr 03, 2018",12.80,12.60,13.00,12.60,1.25M
348,"Mar 29, 2018",12.55,12.55,12.70,12.50,946.70K
349,"Mar 28, 2018",12.55,12.60,12.65,12.50,940.00K
350,"Mar 27, 2018",12.60,12.70,12.70,12.50,4.63M
351,"Mar 26, 2018",12.65,12.70,12.75,12.65,1.57M
352,"Mar 23, 2018",12.65,12.65,12.70,12.50,1.14M
353,"Mar 22, 2018",12.65,12.70,12.80,12.40,1.25M
354,"Mar 21, 2018",12.65,12.40,12.90,12.40,1.62M
355,"Mar 20, 2018",12.30,12.45,12.45,12.20,3.22M
356,"Mar 19, 2018",12.20,11.95,12.50,11.95,2.09M
357,"Mar 16, 2018",11.95,12.00,12.00,11.80,1.18M
358,"Mar 15, 2018",11.95,12.00,12.00,11.65,1.34M
359,"Mar 14, 2018",11.65,11.65,11.80,11.55,1.74M
360,"Mar 13, 2018",11.45,11.30,11.80,11.00,2.12M
361,"Mar 12, 2018",11.20,11.20,11.30,11.05,513.60K
362,"Mar 09, 2018",11.10,11.20,11.30,11.05,2.04M
363,"Mar 08, 2018",11.20,11.30,11.30,11.05,642.00K
364,"Mar 07, 2018",11.20,11.15,11.30,11.15,661.40K
365,"Mar 06, 2018",11.10,11.05,11.20,11.05,664.10K
366,"Mar 05, 2018",11.05,11.15,11.15,11.05,272.30K
367,"Mar 02, 2018",11.10,11.25,11.25,11.10,349.00K
368,"Mar 01, 2018",11.25,11.00,11.60,11.00,4.43M
369,"Feb 28, 2018",11.00,11.00,11.10,10.95,786.50K
370,"Feb 27, 2018",10.95,11.00,11.05,10.85,475.90K
371,"Feb 26, 2018",10.85,10.90,10.90,10.80,410.80K
372,"Feb 23, 2018",10.85,10.85,10.90,10.80,404.10K
373,"Feb 22, 2018",10.85,10.85,10.90,10.80,275.40K
374,"Feb 21, 2018",10.75,10.70,10.90,10.70,142.20K
375,"Feb 20, 2018",10.70,10.70,10.75,10.65,1.64M
376,"Feb 19, 2018",10.65,10.65,10.70,10.60,786.70K
377,"Feb 16, 2018",10.65,10.65,10.70,10.60,472.70K
378,"Feb 15, 2018",10.65,10.70,10.70,10.65,249.90K
379,"Feb 14, 2018",10.65,10.80,10.80,10.60,652.10K
380,"Feb 13, 2018",10.60,10.75,10.75,10.60,128.40K
381,"Feb 12, 2018",10.65,10.60,10.75,10.60,154.90K
382,"Feb 09, 2018",10.60,10.55,10.70,10.55,153.50K
383,"Feb 08, 2018",10.55,10.55,10.70,10.50,264.70K
384,"Feb 07, 2018",10.55,10.65,10.65,10.50,19.20K
385,"Feb 06, 2018",10.50,10.70,10.70,10.35,1.04M
386,"Feb 05, 2018",10.65,10.55,10.90,10.55,3.52M
387,"Feb 02, 2018",10.70,11.00,11.00,10.55,2.83M
388,"Feb 01, 2018",10.75,10.50,10.80,10.40,2.39M
389,"Jan 31, 2018",10.60,10.45,10.80,10.45,430.20K
390,"Jan 30, 2018",10.50,10.50,10.60,10.30,14.72M
391,"Jan 29, 2018",10.50,10.75,10.75,10.40,299.20K
392,"Jan 26, 2018",10.50,10.50,10.75,10.40,643.50K
393,"Jan 25, 2018",10.35,10.20,10.50,10.20,258.50K
394,"Jan 24, 2018",10.15,10.75,10.75,10.10,255.30K
395,"Jan 23, 2018",10.70,10.90,10.90,10.10,239.60K
396,"Jan 22, 2018",10.90,10.90,11.20,10.80,669.40K
397,"Jan 19, 2018",10.80,10.50,10.90,10.50,297.00K
398,"Jan 18, 2018",9.95,9.90,10.50,9.90,4.20M
399,"Jan 17, 2018",9.80,9.80,10.00,9.70,668.00K
400,"Jan 16, 2018",9.75,9.80,9.85,9.60,404.10K
401,"Jan 15, 2018",9.80,9.75,9.80,9.70,5.44M
402,"Jan 12, 2018",9.75,9.90,9.90,9.70,586.30K
403,"Jan 11, 2018",9.80,9.75,9.85,9.75,916.60K
404,"Jan 10, 2018",9.75,9.75,9.85,9.75,285.40K
405,"Jan 09, 2018",9.65,9.70,9.90,9.60,110.50K
406,"Jan 08, 2018",9.60,9.70,9.70,9.55,189.20K
407,"Jan 05, 2018",9.55,9.60,9.65,9.50,253.80K
408,"Jan 04, 2018",9.55,9.80,9.80,9.50,1.36M
409,"Jan 03, 2018",9.60,9.60,9.60,9.55,376.40K
410,"Jan 02, 2018",9.60,9.90,9.90,9.55,255.90K
411,"Dec 29, 2017",9.60,9.70,9.85,9.55,67.30K
412,"Dec 28, 2017",9.65,9.70,9.70,9.60,138.30K
413,"Dec 27, 2017",9.70,9.85,9.85,9.60,535.50K
414,"Dec 22, 2017",9.75,9.80,9.85,9.70,230.30K
415,"Dec 21, 2017",9.75,9.75,9.80,9.70,61.90K
416,"Dec 20, 2017",9.70,9.70,9.75,9.70,133.20K
417,"Dec 19, 2017",9.75,9.85,9.85,9.70,212.20K
418,"Dec 18, 2017",9.80,9.80,9.95,9.80,23.90K
419,"Dec 15, 2017",9.80,9.85,9.90,9.75,198.30K
420,"Dec 14, 2017",9.85,9.90,9.95,9.80,114.10K
421,"Dec 13, 2017",9.85,9.90,9.95,9.80,122.90K
422,"Dec 11, 2017",9.90,9.90,10.00,9.80,54.80K
423,"Dec 08, 2017",9.80,9.80,9.95,9.75,1.26M
424,"Dec 07, 2017",9.90,9.85,10.00,9.80,329.90K
425,"Dec 06, 2017",9.85,9.90,9.90,9.85,263.10K
426,"Dec 05, 2017",9.90,9.85,9.95,9.85,152.90K
427,"Dec 04, 2017",9.95,10.00,10.00,9.75,174.80K
428,"Dec 01, 2017",9.85,9.95,10.00,9.80,27.90K
429,"Nov 30, 2017",9.85,9.95,9.95,9.80,118.60K
430,"Nov 29, 2017",9.90,10.00,10.00,9.85,286.00K
431,"Nov 27, 2017",9.95,9.95,10.00,9.80,7.57M
432,"Nov 24, 2017",9.90,10.00,10.00,9.90,241.40K
433,"Nov 23, 2017",9.95,10.00,10.00,9.85,227.70K
434,"Nov 22, 2017",10.00,10.00,10.10,9.95,1.38M
435,"Nov 21, 2017",10.00,10.00,10.00,9.95,6.36M
436,"Nov 20, 2017",9.80,9.80,10.00,9.70,852.20K
437,"Nov 17, 2017",9.85,9.75,9.95,9.75,348.90K
438,"Nov 16, 2017",9.95,10.00,10.00,9.75,256.80K
439,"Nov 15, 2017",9.95,10.00,10.00,9.90,368.90K
440,"Nov 14, 2017",10.00,10.00,10.00,9.95,33.00K
441,"Nov 13, 2017",10.00,10.00,10.15,9.95,62.60K
442,"Nov 10, 2017",10.00,10.00,10.00,9.95,364.00K
443,"Nov 09, 2017",10.00,10.05,10.10,10.00,1.34M
444,"Nov 08, 2017",10.10,10.20,10.20,10.05,165.20K
445,"Nov 07, 2017",10.15,10.50,10.50,10.10,504.30K
446,"Nov 06, 2017",10.15,10.50,10.50,10.05,79.40K
447,"Nov 03, 2017",10.15,10.90,10.90,10.05,263.10K
448,"Nov 02, 2017",10.05,9.95,10.15,9.95,729.30K
449,"Nov 01, 2017",9.95,10.00,10.00,9.90,1.09M
450,"Oct 31, 2017",9.95,10.00,10.15,9.80,176.90K
451,"Oct 30, 2017",9.45,9.30,9.60,9.25,173.50K
452,"Oct 27, 2017",9.15,9.15,9.35,9.10,367.70K
453,"Oct 24, 2017",9.00,9.05,9.40,9.00,1.11M
454,"Oct 23, 2017",9.00,9.05,9.05,9.00,81.00K
455,"Oct 19, 2017",9.00,9.20,9.20,8.85,243.90K
456,"Oct 18, 2017",9.15,9.15,9.35,9.05,47.40K
457,"Oct 17, 2017",9.10,9.60,9.60,9.00,666.40K
458,"Oct 16, 2017",9.45,9.60,9.60,9.40,196.70K
459,"Oct 13, 2017",9.50,9.60,9.65,9.45,128.50K
460,"Oct 12, 2017",9.70,9.55,10.30,9.40,268.60K
461,"Oct 11, 2017",9.60,10.10,10.10,9.55,218.00K
462,"Oct 10, 2017",9.95,10.00,10.10,9.80,103.00K
463,"Oct 09, 2017",10.10,10.25,10.25,10.00,141.60K
464,"Oct 06, 2017",10.15,10.20,10.25,10.10,33.30K
465,"Oct 05, 2017",10.20,10.25,10.25,10.10,793.40K
466,"Oct 04, 2017",10.25,10.20,10.30,10.15,221.50K
467,"Oct 03, 2017",10.10,10.10,10.20,10.10,190.80K
468,"Oct 02, 2017",10.10,10.30,10.30,10.10,522.00K
469,"Sep 29, 2017",10.10,10.15,10.15,10.10,16.40K
470,"Sep 28, 2017",10.10,10.05,10.30,10.05,82.70K
471,"Sep 27, 2017",10.25,10.30,10.50,10.05,340.20K
472,"Sep 26, 2017",10.30,10.40,10.40,10.30,181.00K
473,"Sep 25, 2017",10.35,10.50,10.50,10.20,119.30K
474,"Sep 22, 2017",10.40,10.45,10.45,10.30,109.40K
475,"Sep 21, 2017",10.45,10.60,10.60,10.40,76.90K
476,"Sep 20, 2017",10.45,10.45,10.50,10.40,151.90K
477,"Sep 19, 2017",10.40,10.40,10.50,10.30,178.60K
478,"Sep 18, 2017",10.40,10.40,10.50,10.40,102.20K
479,"Sep 15, 2017",10.40,10.45,10.50,10.40,501.80K
480,"Sep 14, 2017",10.35,10.50,10.80,10.35,414.20K
481,"Sep 13, 2017",10.45,10.40,10.60,10.40,124.20K
482,"Sep 12, 2017",10.35,10.50,10.50,10.20,1.48M
483,"Sep 11, 2017",10.30,10.40,10.45,10.20,68.40K
484,"Sep 08, 2017",10.35,10.40,10.45,10.35,399.40K
485,"Sep 07, 2017",10.35,10.60,10.60,10.35,1.97M
486,"Sep 06, 2017",10.35,10.50,10.50,10.30,134.60K
487,"Sep 05, 2017",10.45,10.50,10.60,10.20,108.50K
488,"Sep 04, 2017",10.30,10.00,10.75,10.00,1.23M
489,"Sep 01, 2017",10.30,10.65,10.85,10.00,2.18M
490,"Aug 31, 2017",10.65,10.60,10.80,10.55,494.90K
491,"Aug 30, 2017",10.55,10.60,10.70,10.50,2.14M
492,"Aug 29, 2017",10.60,10.90,10.90,10.55,1.97M
493,"Aug 28, 2017",10.80,11.50,11.50,10.75,102.00K
494,"Aug 25, 2017",10.60,10.70,10.80,10.55,543.00K
495,"Aug 24, 2017",10.55,10.50,10.80,10.40,345.90K
496,"Aug 23, 2017",10.40,10.30,10.60,10.30,306.50K
497,"Aug 22, 2017",10.30,10.30,10.50,10.20,2.18M
498,"Aug 21, 2017",10.35,11.00,11.00,10.25,143.50K
499,"Aug 18, 2017",10.45,10.70,10.70,10.15,1.61M
500,"Aug 17, 2017",10.75,10.70,10.90,10.50,1.24M
501,"Aug 16, 2017",11.05,11.35,11.60,10.70,368.50K
502,"Aug 15, 2017",11.60,11.60,12.00,11.00,567.60K
503,"Aug 14, 2017",11.55,10.70,11.65,10.70,685.60K
504,"Aug 11, 2017",10.60,10.45,11.00,10.20,116.20K
505,"Aug 10, 2017",10.30,10.50,10.50,10.00,43.40K
506,"Aug 09, 2017",9.95,9.90,10.00,9.80,201.20K
507,"Aug 07, 2017",9.65,9.70,9.90,9.60,117.10K
508,"Aug 04, 2017",9.60,9.80,9.80,9.55,168.90K
509,"Aug 03, 2017",9.55,9.50,9.70,9.50,2.46M
510,"Aug 02, 2017",9.55,9.55,9.65,9.50,608.00K
511,"Aug 01, 2017",9.50,9.60,9.60,9.40,126.00K
512,"Jul 31, 2017",9.85,9.80,9.95,9.60,300.60K
513,"Jul 28, 2017",9.80,9.70,9.95,9.60,1.87M
514,"Jul 27, 2017",9.75,9.90,9.90,9.50,3.27M
515,"Jul 26, 2017",9.70,9.70,10.00,9.60,57.60K
516,"Jul 25, 2017",9.80,9.75,9.95,9.65,2.16M
517,"Jul 24, 2017",9.65,9.65,9.80,9.65,216.90K
518,"Jul 21, 2017",9.65,9.65,9.70,9.65,44.80K
519,"Jul 20, 2017",9.65,9.95,9.95,9.60,1.66M
520,"Jul 19, 2017",9.60,9.70,9.80,9.55,137.80K
521,"Jul 18, 2017",9.55,9.70,9.70,9.55,327.20K
522,"Jul 17, 2017",9.60,9.70,9.70,9.60,68.90K
523,"Jul 14, 2017",9.60,9.60,9.70,9.55,79.80K
524,"Jul 13, 2017",9.55,9.55,9.60,9.50,1.32M
525,"Jul 12, 2017",9.50,9.60,9.60,9.30,369.80K
526,"Jul 11, 2017",9.55,9.55,9.70,9.50,319.60K
527,"Jul 10, 2017",9.50,9.55,9.80,9.05,47.20K
528,"Jul 07, 2017",9.55,9.90,9.90,9.50,252.80K
529,"Jul 06, 2017",9.80,9.90,9.95,9.70,133.60K
530,"Jul 05, 2017",9.95,9.85,10.00,9.85,445.20K
531,"Jul 04, 2017",9.85,10.25,10.25,9.80,524.00K
532,"Jul 03, 2017",9.85,10.00,10.00,9.80,120.30K
533,"Jun 30, 2017",9.95,9.95,10.05,9.80,410.80K
534,"Jun 29, 2017",9.90,9.85,10.00,9.85,275.90K
535,"Jun 28, 2017",9.85,9.95,9.95,9.55,38.00K
536,"Jun 27, 2017",9.65,10.00,10.15,9.50,362.00K
537,"Jun 23, 2017",10.00,10.00,10.20,10.00,207.20K
538,"Jun 22, 2017",10.00,10.15,10.25,9.95,458.50K
539,"Jun 21, 2017",10.00,9.95,10.20,9.95,1.20M
540,"Jun 20, 2017",9.95,10.00,10.00,9.80,538.80K
541,"Jun 19, 2017",9.90,9.55,10.00,9.55,387.90K
542,"Jun 16, 2017",9.60,9.70,9.95,9.55,24.50K
543,"Jun 15, 2017",9.70,10.00,10.00,9.50,803.20K
544,"Jun 14, 2017",9.50,9.60,9.65,9.50,168.70K
545,"Jun 13, 2017",9.50,9.60,9.70,9.50,1.01M
546,"Jun 12, 2017",9.60,9.75,9.75,9.55,94.00K
547,"Jun 09, 2017",9.75,9.75,9.80,9.70,146.50K
548,"Jun 08, 2017",9.50,9.70,9.75,9.45,992.30K
549,"Jun 07, 2017",9.60,10.00,10.00,9.55,512.30K
550,"Jun 06, 2017",9.50,9.35,9.85,9.35,469.00K
551,"Jun 05, 2017",9.20,9.00,9.35,9.00,166.00K
552,"Jun 02, 2017",9.00,9.00,9.15,8.90,965.70K
553,"May 31, 2017",8.95,8.75,9.20,8.75,429.90K
554,"May 30, 2017",8.75,8.60,8.90,8.55,561.60K
555,"May 29, 2017",8.55,8.60,8.65,8.50,405.70K
556,"May 26, 2017",8.60,8.80,8.90,8.35,282.80K
557,"May 25, 2017",8.75,8.50,9.00,8.25,211.20K
558,"May 24, 2017",8.25,8.20,8.50,8.15,451.40K
559,"May 23, 2017",8.05,8.05,8.20,8.00,187.80K
560,"May 22, 2017",7.95,8.00,8.00,7.95,39.40K
561,"May 19, 2017",7.95,8.00,8.00,7.90,1.69M
562,"May 18, 2017",7.95,8.00,8.00,7.85,403.00K
563,"May 17, 2017",7.95,8.00,8.00,7.85,124.00K
564,"May 16, 2017",7.90,7.85,8.10,7.80,347.40K
565,"May 15, 2017",7.95,8.10,8.10,7.95,249.80K
566,"May 12, 2017",8.05,8.10,8.10,8.00,561.70K
567,"May 11, 2017",8.00,7.95,8.10,7.90,920.70K
568,"May 10, 2017",7.95,8.00,8.00,7.90,242.60K
569,"May 09, 2017",7.95,8.00,8.00,7.85,292.50K
570,"May 08, 2017",8.00,8.10,8.10,7.85,755.60K
571,"May 05, 2017",8.10,8.20,8.20,8.10,115.50K
572,"May 04, 2017",8.20,8.10,8.25,8.10,57.20K
573,"May 03, 2017",8.20,8.40,8.40,8.15,62.50K
574,"May 02, 2017",8.20,8.20,8.30,8.15,118.80K
575,"Apr 28, 2017",8.20,8.20,8.40,8.05,1.15M
576,"Apr 27, 2017",8.15,8.25,8.40,8.05,90.90K
577,"Apr 26, 2017",8.05,8.05,8.25,8.00,482.30K
578,"Apr 25, 2017",8.05,8.00,8.25,8.00,83.00K
579,"Apr 24, 2017",8.00,8.00,8.05,8.00,2.24M
580,"Apr 21, 2017",8.00,8.00,8.05,7.90,221.10K
581,"Apr 20, 2017",8.00,8.00,8.05,7.80,190.70K
582,"Apr 19, 2017",7.90,8.00,8.00,7.60,645.10K
583,"Apr 18, 2017",7.65,7.90,7.90,7.50,145.40K
584,"Apr 13, 2017",7.85,7.80,7.90,7.80,31.50K
585,"Apr 12, 2017",7.80,7.85,7.90,7.80,381.80K
586,"Apr 11, 2017",7.80,7.90,7.90,7.80,792.40K
587,"Apr 10, 2017",7.90,7.95,8.00,7.80,232.50K
588,"Apr 07, 2017",8.00,8.00,8.10,8.00,158.60K
589,"Apr 06, 2017",7.95,7.95,8.10,7.90,360.50K
590,"Apr 05, 2017",7.80,7.95,8.00,7.80,1.86M
591,"Apr 04, 2017",7.90,7.85,8.00,7.80,1.83M
592,"Apr 03, 2017",7.90,7.95,7.95,7.80,230.00K
593,"Mar 31, 2017",7.95,8.50,8.50,7.80,1.64M
594,"Mar 30, 2017",8.85,9.00,9.00,8.70,226.20K
595,"Mar 29, 2017",8.95,9.00,9.05,8.85,4.12M
596,"Mar 28, 2017",9.00,9.15,9.15,9.00,1.32M
597,"Mar 27, 2017",9.05,9.10,9.15,9.00,879.70K
598,"Mar 24, 2017",9.00,9.20,9.20,8.80,606.80K
599,"Mar 23, 2017",9.15,9.25,9.25,9.10,329.10K
600,"Mar 22, 2017",9.15,9.10,9.20,8.95,143.20K
601,"Mar 21, 2017",8.90,9.00,9.00,8.90,3.42M
602,"Mar 20, 2017",8.90,8.80,9.00,8.80,10.11M
603,"Mar 17, 2017",8.75,8.85,8.95,8.60,77.40K
604,"Mar 16, 2017",8.70,9.00,9.00,8.60,1.34M
605,"Mar 15, 2017",8.80,9.00,9.00,8.50,283.80K
606,"Mar 14, 2017",8.95,9.10,9.15,8.80,335.70K
607,"Mar 13, 2017",9.00,9.10,9.15,8.95,88.40K
608,"Mar 10, 2017",9.05,9.10,9.15,8.95,239.50K
609,"Mar 09, 2017",9.00,9.00,9.10,8.95,73.80K
610,"Mar 08, 2017",8.95,8.85,9.10,8.85,227.40K
611,"Mar 07, 2017",8.95,8.85,9.00,8.85,1.38M
612,"Mar 06, 2017",8.85,9.00,9.00,8.80,202.40K
613,"Mar 03, 2017",8.80,8.75,9.00,8.70,30.70K
614,"Mar 02, 2017",8.60,8.60,8.75,8.50,46.80K
615,"Mar 01, 2017",8.50,8.60,8.75,8.50,488.10K
616,"Feb 28, 2017",8.50,8.65,8.80,8.50,521.20K
617,"Feb 27, 2017",8.75,8.90,8.90,8.65,92.90K
618,"Feb 24, 2017",8.75,8.90,9.00,8.50,1.63M
619,"Feb 23, 2017",8.65,8.50,9.00,8.05,248.90K
620,"Feb 22, 2017",8.30,9.00,9.00,8.20,1.52M
621,"Feb 21, 2017",8.30,8.30,8.40,8.20,405.50K
622,"Feb 20, 2017",8.25,8.55,8.55,8.00,123.40K
623,"Feb 17, 2017",8.30,8.90,8.90,8.25,111.30K
624,"Feb 16, 2017",8.40,8.50,8.50,8.25,23.10K
625,"Feb 15, 2017",8.15,8.45,8.50,8.00,87.80K
626,"Feb 14, 2017",8.50,8.70,8.70,8.45,118.00K
627,"Feb 13, 2017",8.60,8.50,8.90,8.50,162.80K
628,"Feb 10, 2017",8.75,8.90,9.00,8.65,168.20K
629,"Feb 09, 2017",8.80,8.70,9.00,8.40,11.96M
630,"Feb 08, 2017",8.45,8.30,8.65,8.15,2.14M
631,"Feb 07, 2017",8.05,8.05,8.40,8.00,1.32M
632,"Feb 06, 2017",8.00,8.00,8.10,7.95,2.13M
633,"Feb 03, 2017",7.90,8.00,8.00,7.75,3.87M
634,"Feb 02, 2017",7.65,7.50,8.00,7.50,341.00K
635,"Feb 01, 2017",7.40,7.60,7.60,7.25,79.70K
636,"Jan 31, 2017",7.25,7.30,7.60,7.20,2.54M
637,"Jan 30, 2017",7.15,7.15,7.50,7.10,487.00K
638,"Jan 27, 2017",7.15,7.30,7.30,7.05,4.17M
639,"Jan 26, 2017",7.15,7.25,7.50,7.05,8.63M
640,"Jan 25, 2017",7.25,7.50,7.50,7.20,1.04M
641,"Jan 24, 2017",7.50,7.70,7.70,7.40,352.20K
642,"Jan 23, 2017",7.70,7.75,7.80,7.60,338.00K
643,"Jan 20, 2017",7.75,7.75,7.80,7.70,139.20K
644,"Jan 19, 2017",7.80,8.00,8.00,7.80,373.20K
645,"Jan 18, 2017",7.90,8.05,8.05,7.90,234.60K
646,"Jan 17, 2017",7.90,8.15,8.15,7.85,4.00M
647,"Jan 16, 2017",8.05,8.15,8.15,7.95,239.30K
648,"Jan 13, 2017",8.15,8.30,8.40,8.00,69.20K
649,"Jan 12, 2017",8.30,8.40,8.45,8.15,103.00K
650,"Jan 11, 2017",8.50,8.50,8.90,8.35,97.00K
651,"Jan 10, 2017",8.50,8.60,8.60,8.40,58.10K
652,"Jan 09, 2017",8.60,8.75,8.75,8.50,657.70K
653,"Jan 06, 2017",8.75,8.80,8.95,8.65,203.50K
654,"Jan 05, 2017",8.80,9.00,9.00,8.70,122.60K
655,"Jan 04, 2017",8.90,8.95,9.00,8.70,19.40K
656,"Jan 03, 2017",8.75,8.45,8.95,8.45,29.70K
657,"Dec 30, 2016",9.10,8.85,9.70,8.65,231.30K
658,"Dec 29, 2016",8.85,8.50,8.95,8.50,44.50K
659,"Dec 28, 2016",8.45,8.95,8.95,8.20,30.90K
660,"Dec 23, 2016",8.15,8.00,8.50,8.00,62.60K
661,"Dec 22, 2016",8.00,8.20,8.20,7.90,378.40K
662,"Dec 21, 2016",8.00,8.20,8.50,7.95,3.51M
663,"Dec 20, 2016",8.20,8.20,8.50,8.00,199.40K
664,"Dec 19, 2016",8.40,8.40,8.65,8.15,92.30K
665,"Dec 16, 2016",8.50,8.80,8.80,8.50,108.90K
666,"Dec 15, 2016",8.65,8.95,8.95,8.50,182.80K
667,"Dec 14, 2016",8.95,9.05,9.05,8.80,21.20K
668,"Dec 13, 2016",8.95,9.05,9.05,8.65,123.50K
669,"Dec 09, 2016",9.05,9.20,9.20,8.80,141.20K
670,"Dec 08, 2016",9.05,9.10,9.15,9.00,174.90K
671,"Dec 07, 2016",9.10,9.05,9.30,9.00,140.00K
672,"Dec 06, 2016",9.15,9.20,9.40,9.10,291.30K
673,"Dec 05, 2016",9.20,9.15,9.40,9.15,206.10K
674,"Dec 02, 2016",9.15,9.05,9.25,9.05,125.90K
675,"Dec 01, 2016",9.00,9.25,9.25,9.00,124.10K
676,"Nov 30, 2016",9.05,9.00,9.25,8.85,690.10K
677,"Nov 29, 2016",9.00,9.00,9.20,8.95,149.00K
678,"Nov 28, 2016",8.90,9.00,9.00,8.85,119.80K
679,"Nov 25, 2016",8.95,9.00,9.10,8.85,46.20K
680,"Nov 24, 2016",9.00,8.85,9.20,8.85,1.02M
681,"Nov 23, 2016",8.85,8.80,8.95,8.70,942.60K
682,"Nov 22, 2016",8.85,9.00,9.00,8.75,48.20K
683,"Nov 21, 2016",8.95,8.90,9.10,8.90,157.70K
684,"Nov 18, 2016",8.90,9.00,9.00,8.80,504.10K
685,"Nov 17, 2016",8.90,9.10,9.10,8.60,968.70K
686,"Nov 16, 2016",8.85,8.75,9.10,8.70,151.90K
687,"Nov 15, 2016",8.85,8.80,9.00,8.70,219.40K
688,"Nov 14, 2016",8.70,8.80,8.80,8.60,95.70K
689,"Nov 11, 2016",8.60,8.50,8.70,8.50,72.90K
690,"Nov 10, 2016",8.60,8.65,8.70,8.50,339.10K
691,"Nov 09, 2016",8.50,8.60,8.70,8.45,533.70K
692,"Nov 08, 2016",8.60,8.70,8.70,8.60,295.40K
693,"Nov 07, 2016",8.60,8.50,8.70,8.45,1.23M
694,"Nov 04, 2016",8.50,8.40,8.65,8.40,169.30K
695,"Nov 03, 2016",8.50,9.05,9.05,8.30,302.40K
696,"Nov 02, 2016",8.35,8.20,8.65,8.20,209.70K
697,"Nov 01, 2016",8.20,8.15,8.25,8.15,117.20K
698,"Oct 31, 2016",8.10,8.05,8.25,8.00,317.90K
699,"Oct 28, 2016",8.05,8.20,8.20,8.05,154.80K
700,"Oct 27, 2016",8.05,8.00,8.15,8.00,4.34M
701,"Oct 26, 2016",7.90,8.10,8.20,7.50,396.20K
702,"Oct 25, 2016",8.00,8.05,8.20,8.00,553.80K
703,"Oct 24, 2016",8.00,8.00,8.25,8.00,432.80K
704,"Oct 21, 2016",8.00,8.25,8.25,7.90,340.80K
705,"Oct 19, 2016",7.95,8.00,8.00,7.90,154.50K
706,"Oct 18, 2016",8.05,8.20,8.25,7.90,573.10K
707,"Oct 17, 2016",8.15,8.20,8.30,8.15,274.60K
708,"Oct 14, 2016",8.15,8.15,8.30,8.10,838.90K
709,"Oct 13, 2016",8.15,8.10,8.20,8.10,668.50K
710,"Oct 12, 2016",8.10,8.10,8.20,8.05,795.10K
711,"Oct 11, 2016",8.05,8.05,8.30,8.00,569.40K
712,"Oct 10, 2016",8.05,8.20,8.30,8.00,57.50K
713,"Oct 07, 2016",8.05,8.35,8.35,8.00,637.50K
714,"Oct 06, 2016",8.20,8.50,8.50,8.05,168.60K
715,"Oct 05, 2016",8.30,8.40,8.65,8.20,108.90K
716,"Oct 04, 2016",8.50,8.40,8.75,8.40,278.10K
717,"Oct 03, 2016",8.30,8.40,8.50,8.15,579.00K
718,"Sep 30, 2016",8.15,8.00,8.50,8.00,94.40K
719,"Sep 29, 2016",7.90,7.95,8.50,7.80,18.56M
720,"Sep 28, 2016",7.90,8.00,8.00,7.80,220.10K
721,"Sep 27, 2016",8.00,8.05,8.10,7.90,555.00K
722,"Sep 26, 2016",8.05,8.45,8.45,8.00,1.11M
723,"Sep 23, 2016",8.10,8.60,8.60,8.05,94.20K
724,"Sep 22, 2016",8.10,8.00,8.55,8.00,227.90K
725,"Sep 21, 2016",8.00,8.80,8.80,8.00,833.50K
726,"Sep 20, 2016",8.65,8.70,8.80,8.05,1.25M
727,"Sep 19, 2016",8.75,8.90,9.00,8.70,221.30K
728,"Sep 16, 2016",8.70,8.90,8.90,8.70,421.40K
729,"Sep 15, 2016",8.90,8.80,9.00,8.70,212.00K
730,"Sep 14, 2016",8.75,8.75,8.85,8.70,115.40K
731,"Sep 13, 2016",8.75,8.80,8.90,8.70,326.40K
732,"Sep 09, 2016",8.75,9.00,9.00,8.60,402.30K
733,"Sep 08, 2016",8.95,8.95,9.00,8.80,194.10K
734,"Sep 07, 2016",9.00,9.15,9.20,8.85,292.80K
735,"Sep 06, 2016",9.20,9.50,9.50,9.05,333.40K
736,"Sep 05, 2016",9.60,9.60,9.70,9.40,192.30K
737,"Sep 02, 2016",9.65,9.80,9.80,9.55,76.50K
738,"Sep 01, 2016",9.70,9.50,9.95,9.50,253.50K
739,"Aug 31, 2016",9.80,9.60,10.00,9.50,5.23M
740,"Aug 30, 2016",9.20,8.20,9.50,8.20,336.60K
741,"Aug 29, 2016",8.70,8.85,9.00,8.10,28.50K
742,"Aug 26, 2016",8.55,8.70,8.95,8.40,77.20K
743,"Aug 25, 2016",8.85,9.50,9.70,8.75,159.60K
744,"Aug 24, 2016",9.70,9.90,9.95,9.60,70.80K
745,"Aug 23, 2016",9.85,9.95,9.95,9.85,420.80K
746,"Aug 22, 2016",9.85,9.85,9.95,9.70,116.50K
747,"Aug 19, 2016",9.80,9.90,9.95,9.70,2.54M
748,"Aug 18, 2016",9.90,9.95,9.95,9.80,305.70K
749,"Aug 17, 2016",9.85,9.90,10.00,9.80,9.75M
750,"Aug 16, 2016",9.90,10.00,10.00,9.85,111.90K
751,"Aug 15, 2016",9.90,10.00,10.00,9.85,67.50K
752,"Aug 12, 2016",9.95,9.90,10.00,9.90,216.80K
753,"Aug 11, 2016",9.90,9.90,10.00,9.90,183.30K
754,"Aug 10, 2016",9.85,9.85,10.00,9.80,130.30K
755,"Aug 09, 2016",9.85,9.85,10.00,9.80,136.20K
756,"Aug 08, 2016",9.85,9.80,10.00,9.75,11.00K
757,"Aug 05, 2016",9.85,10.00,10.00,9.75,142.30K
758,"Aug 04, 2016",10.00,10.00,10.00,9.95,66.70K
759,"Aug 03, 2016",10.00,10.10,10.10,9.80,31.20K
760,"Aug 02, 2016",10.00,10.20,10.20,9.90,369.80K
761,"Aug 01, 2016",10.05,10.10,10.30,10.00,85.50K
762,"Jul 29, 2016",10.05,10.05,10.20,10.00,68.70K
763,"Jul 28, 2016",10.00,10.00,10.20,9.80,570.40K
764,"Jul 27, 2016",9.95,10.00,10.05,9.85,253.00K
765,"Jul 26, 2016",10.00,10.05,10.10,10.00,571.30K
766,"Jul 25, 2016",10.00,10.05,10.10,10.00,851.40K
767,"Jul 22, 2016",10.00,10.05,10.20,10.00,548.00K
768,"Jul 21, 2016",10.00,9.90,10.10,9.90,276.90K
769,"Jul 20, 2016",9.80,10.00,10.00,9.80,493.00K
770,"Jul 19, 2016",9.95,10.10,10.10,9.80,142.60K
771,"Jul 18, 2016",10.00,10.05,10.10,10.00,61.20K
772,"Jul 15, 2016",10.05,10.10,10.10,10.00,58.70K
773,"Jul 14, 2016",10.00,10.10,10.45,10.00,240.20K
774,"Jul 13, 2016",10.00,10.05,10.50,10.00,457.10K
775,"Jul 12, 2016",10.00,10.00,10.10,10.00,6.61M
776,"Jul 11, 2016",10.05,10.10,10.10,10.00,163.00K
777,"Jul 08, 2016",10.00,10.05,10.05,9.95,2.35M
778,"Jul 06, 2016",10.00,9.90,10.05,10.00,489.40K
779,"Jul 05, 2016",10.00,9.90,10.05,9.85,357.60K
780,"Jul 04, 2016",9.90,9.90,10.00,9.80,62.00K
781,"Jul 01, 2016",9.85,9.70,10.50,9.70,684.50K
782,"Jun 30, 2016",9.60,9.70,9.70,9.50,700.60K
783,"Jun 29, 2016",9.55,9.70,9.70,9.35,90.10K
784,"Jun 28, 2016",9.55,9.80,9.80,9.45,456.50K
785,"Jun 27, 2016",9.75,9.95,9.95,9.75,184.80K
786,"Jun 24, 2016",9.85,9.80,10.00,9.70,2.46M
787,"Jun 23, 2016",9.80,9.90,9.90,9.80,170.10K
788,"Jun 22, 2016",9.80,10.00,10.00,9.70,431.70K
789,"Jun 21, 2016",9.75,9.95,10.00,9.45,1.29M
790,"Jun 20, 2016",9.80,9.95,9.95,9.80,516.00K
791,"Jun 17, 2016",9.95,10.00,10.00,9.80,599.80K
792,"Jun 16, 2016",9.95,10.00,10.00,9.95,2.63M
793,"Jun 15, 2016",10.00,10.05,10.10,9.90,86.00K
794,"Jun 14, 2016",10.10,11.00,11.00,9.95,294.30K
795,"Jun 13, 2016",10.15,10.25,10.45,10.10,213.30K
796,"Jun 10, 2016",10.10,10.10,10.45,10.10,756.00K
797,"Jun 09, 2016",10.05,10.10,10.10,10.00,64.20K
798,"Jun 08, 2016",10.00,10.00,10.10,9.95,207.30K
799,"Jun 07, 2016",9.95,9.85,10.10,9.85,1.41M
800,"Jun 06, 2016",9.85,10.00,10.00,9.80,135.20K
801,"Jun 03, 2016",9.85,10.00,10.00,9.80,155.40K
802,"Jun 02, 2016",9.95,10.00,10.10,9.90,427.90K
803,"May 31, 2016",10.00,10.05,10.20,9.95,679.40K
804,"May 30, 2016",10.10,10.15,10.20,10.05,27.70K
805,"May 27, 2016",10.05,10.15,10.15,10.05,108.80K
806,"May 26, 2016",10.10,10.15,10.20,10.00,173.30K
807,"May 25, 2016",10.15,10.25,10.25,10.15,440.00K
808,"May 24, 2016",10.20,10.25,10.30,10.10,770.20K
809,"May 23, 2016",10.30,10.45,10.45,10.30,287.80K
810,"May 20, 2016",10.35,10.50,10.50,10.35,79.10K
811,"May 19, 2016",10.45,10.40,10.50,10.40,143.60K
812,"May 18, 2016",10.35,10.30,10.40,10.30,271.50K
813,"May 17, 2016",10.40,10.40,10.50,10.30,1.10M
814,"May 16, 2016",10.30,10.25,10.40,10.25,514.90K
815,"May 13, 2016",10.35,10.45,10.45,10.25,703.00K
816,"May 12, 2016",10.30,10.25,10.45,10.25,85.60K
817,"May 11, 2016",10.25,10.30,10.35,10.20,304.30K
818,"May 10, 2016",10.50,10.55,10.70,10.30,13.69M
819,"May 09, 2016",10.50,10.75,10.90,10.50,194.00K
820,"May 06, 2016",10.60,10.95,10.95,10.50,165.90K
821,"May 05, 2016",10.75,11.00,11.00,10.55,99.90K
822,"May 04, 2016",10.90,11.00,11.00,10.50,57.40K
823,"May 03, 2016",10.95,11.00,11.05,10.95,25.60K
824,"Apr 29, 2016",10.95,10.95,11.10,10.95,623.80K
825,"Apr 28, 2016",11.00,10.95,11.15,10.95,255.70K
826,"Apr 27, 2016",10.95,10.95,11.00,10.90,206.60K
827,"Apr 26, 2016",10.95,10.95,11.00,10.90,1.89M
828,"Apr 25, 2016",10.95,10.95,11.00,10.95,196.90K
829,"Apr 22, 2016",10.95,10.75,11.20,10.70,742.80K
830,"Apr 21, 2016",10.45,10.50,10.65,10.40,226.50K
831,"Apr 20, 2016",10.35,10.30,10.50,10.25,709.70K
832,"Apr 19, 2016",10.25,10.50,10.50,10.20,305.50K
833,"Apr 18, 2016",10.50,10.50,10.75,10.40,261.10K
834,"Apr 15, 2016",10.50,10.75,10.75,10.30,417.20K
835,"Apr 14, 2016",10.35,10.30,10.60,10.30,170.50K
836,"Apr 13, 2016",10.25,10.30,10.30,10.15,234.30K
837,"Apr 12, 2016",10.30,10.75,10.75,10.20,178.10K
838,"Apr 11, 2016",10.50,10.65,10.80,10.30,318.50K
839,"Apr 08, 2016",10.75,10.80,10.90,10.65,125.10K
840,"Apr 07, 2016",10.80,10.75,11.00,10.75,147.80K
841,"Apr 06, 2016",10.95,10.90,11.20,10.75,190.00K
842,"Apr 05, 2016",10.90,11.00,11.00,10.80,441.10K
843,"Apr 04, 2016",10.85,10.55,11.00,10.50,254.40K
844,"Apr 01, 2016",10.95,11.20,11.20,10.55,686.10K
845,"Mar 31, 2016",11.20,12.00,12.00,10.90,539.60K
846,"Mar 30, 2016",12.10,12.10,12.20,12.00,671.00K
847,"Mar 29, 2016",12.15,12.40,12.40,12.00,299.60K
848,"Mar 24, 2016",12.40,12.40,12.50,12.35,2.86M
849,"Mar 23, 2016",12.40,12.10,12.50,12.10,3.55M
850,"Mar 22, 2016",11.90,11.75,12.30,11.75,799.10K
851,"Mar 21, 2016",11.75,11.75,11.80,11.60,1.98M
852,"Mar 18, 2016",11.75,11.75,11.95,11.70,1.49M
853,"Mar 17, 2016",11.75,11.80,12.00,11.70,622.60K
854,"Mar 16, 2016",11.70,11.85,11.90,11.70,494.00K
855,"Mar 15, 2016",11.75,12.00,12.00,11.70,1.25M
856,"Mar 14, 2016",11.70,11.80,11.80,11.65,924.90K
857,"Mar 11, 2016",11.80,11.85,11.90,11.70,585.40K
858,"Mar 10, 2016",11.70,12.20,12.20,11.60,333.00K
859,"Mar 09, 2016",11.85,12.20,12.20,11.85,100.90K
860,"Mar 08, 2016",12.20,12.50,12.50,12.00,525.30K
861,"Mar 07, 2016",12.40,12.20,12.50,12.20,2.44M
862,"Mar 04, 2016",12.15,11.75,12.40,11.75,873.50K
863,"Mar 03, 2016",11.85,12.25,12.40,11.50,590.50K
864,"Mar 02, 2016",12.15,12.10,12.45,12.00,457.70K
865,"Mar 01, 2016",12.50,12.80,12.85,12.05,356.40K
866,"Feb 29, 2016",12.90,12.95,13.00,12.85,956.50K
867,"Feb 26, 2016",12.95,13.00,13.30,12.95,551.40K
868,"Feb 25, 2016",13.00,12.90,13.00,12.90,337.30K
869,"Feb 24, 2016",12.75,12.65,12.90,12.65,59.60K
870,"Feb 23, 2016",12.70,12.80,12.90,12.60,2.03M
871,"Feb 22, 2016",12.60,12.70,12.90,12.50,3.24M
872,"Feb 19, 2016",12.65,12.80,12.80,12.65,303.40K
873,"Feb 18, 2016",12.65,13.30,13.30,12.65,203.00K
874,"Feb 17, 2016",12.65,12.60,13.00,12.55,205.30K
875,"Feb 16, 2016",12.50,12.60,12.70,12.50,313.50K
876,"Feb 15, 2016",12.65,12.85,12.85,12.50,275.10K
877,"Feb 12, 2016",12.70,12.80,12.85,12.70,882.50K
878,"Feb 11, 2016",12.85,13.00,13.00,12.80,191.50K
879,"Feb 10, 2016",12.80,12.80,13.00,12.60,75.60K
880,"Feb 09, 2016",12.70,12.50,13.00,12.50,929.20K
881,"Feb 08, 2016",12.40,12.25,13.00,12.25,277.10K
882,"Feb 05, 2016",12.25,12.25,12.25,12.20,377.40K
883,"Feb 04, 2016",12.25,12.30,12.30,12.20,1.12M
884,"Feb 03, 2016",12.25,12.50,12.50,12.10,2.44M
885,"Feb 02, 2016",12.25,12.30,12.50,12.20,613.70K
886,"Feb 01, 2016",12.25,12.40,12.40,12.20,260.20K
887,"Jan 29, 2016",12.40,12.50,12.55,12.35,2.20M
888,"Jan 28, 2016",12.25,12.00,12.50,11.90,1.54M
889,"Jan 27, 2016",11.50,11.60,11.80,11.30,807.30K
890,"Jan 26, 2016",11.25,11.60,11.60,11.10,1.18M
891,"Jan 25, 2016",11.60,12.00,12.00,11.20,410.10K
892,"Jan 22, 2016",11.85,12.00,12.00,11.80,804.90K
893,"Jan 21, 2016",12.00,12.15,12.15,11.95,262.80K
894,"Jan 20, 2016",12.15,12.40,12.40,11.70,705.80K
895,"Jan 19, 2016",12.35,12.45,12.45,12.25,1.13M
896,"Jan 18, 2016",12.40,12.50,12.60,12.30,160.50K
897,"Jan 15, 2016",12.50,12.50,12.80,12.40,456.70K
898,"Jan 14, 2016",12.45,12.45,12.65,12.40,350.80K
899,"Jan 13, 2016",12.50,12.50,12.75,12.45,474.90K
900,"Jan 12, 2016",12.40,12.60,12.80,12.20,2.20M
901,"Jan 11, 2016",12.70,13.00,13.00,12.10,127.30K
902,"Jan 08, 2016",13.00,13.05,13.10,13.00,129.80K
903,"Jan 07, 2016",13.05,13.10,13.30,13.00,177.20K
904,"Jan 06, 2016",13.05,13.35,13.35,12.80,97.80K
905,"Jan 05, 2016",13.10,13.35,13.35,13.00,296.30K
906,"Jan 04, 2016",13.35,14.50,14.50,13.25,214.00K
907,"Dec 31, 2015",13.60,0.00,13.60,13.60,3.00K
908,"Dec 30, 2015",13.45,13.50,13.60,13.25,116.90K
909,"Dec 29, 2015",13.55,13.60,14.00,13.40,23.30K
910,"Dec 28, 2015",13.55,13.75,14.20,13.25,43.70K
911,"Dec 24, 2015",13.30,13.55,13.55,13.25,40.10K
912,"Dec 23, 2015",13.30,13.45,13.50,13.25,97.20K
913,"Dec 22, 2015",13.35,13.40,13.60,13.15,99.80K
914,"Dec 21, 2015",13.45,14.00,14.00,13.20,160.70K
915,"Dec 18, 2015",13.35,13.30,13.50,13.15,40.60K
916,"Dec 17, 2015",13.25,13.25,13.50,13.15,89.50K
917,"Dec 16, 2015",13.20,13.35,13.35,13.10,81.40K
918,"Dec 15, 2015",13.10,13.10,13.20,13.05,101.30K
919,"Dec 14, 2015",13.20,13.30,13.35,13.10,62.00K
920,"Dec 11, 2015",13.10,13.10,13.25,13.05,55.90K
921,"Dec 10, 2015",13.10,13.10,13.15,12.75,1.09M
922,"Dec 09, 2015",13.00,13.10,13.10,13.00,205.40K
923,"Dec 08, 2015",13.10,13.10,13.15,13.05,575.20K
924,"Dec 07, 2015",13.15,13.50,13.50,13.10,73.40K
925,"Dec 04, 2015",13.15,13.10,13.20,13.05,1.17M
926,"Dec 03, 2015",13.10,13.15,13.20,13.00,102.80K
927,"Dec 02, 2015",13.05,13.25,13.25,13.00,795.80K
928,"Dec 01, 2015",13.15,13.05,13.30,13.05,79.90K
929,"Nov 30, 2015",13.20,13.40,13.50,13.05,206.20K
930,"Nov 27, 2015",13.35,13.45,13.45,13.20,200.30K
931,"Nov 25, 2015",13.45,13.50,13.55,13.40,93.90K
932,"Nov 24, 2015",13.45,14.25,14.25,13.15,196.20K
933,"Nov 23, 2015",13.55,13.70,13.95,13.50,250.00K
934,"Nov 20, 2015",13.70,14.00,14.00,13.55,323.60K
935,"Nov 19, 2015",13.95,13.90,14.00,13.90,84.80K
936,"Nov 18, 2015",13.75,14.00,14.00,13.60,182.80K
937,"Nov 17, 2015",13.90,13.90,14.35,13.90,435.50K
938,"Nov 16, 2015",13.75,13.50,14.00,13.10,170.60K
939,"Nov 13, 2015",13.65,13.45,13.80,13.00,85.30K
940,"Nov 12, 2015",13.45,13.00,13.80,13.00,45.10K
941,"Nov 11, 2015",12.95,12.85,13.00,12.80,59.10K
942,"Nov 10, 2015",12.65,12.70,13.00,12.50,907.70K
943,"Nov 09, 2015",12.65,12.65,12.80,12.60,991.40K
944,"Nov 06, 2015",12.65,12.80,12.80,12.50,6.18M
945,"Nov 05, 2015",12.65,12.65,12.80,12.65,3.84M
946,"Nov 04, 2015",12.50,12.50,12.75,12.30,71.20K
947,"Nov 03, 2015",12.65,12.75,13.00,12.40,3.12M
948,"Nov 02, 2015",12.70,12.75,12.80,12.70,60.00K
949,"Oct 30, 2015",12.65,12.70,12.75,12.55,285.70K
950,"Oct 29, 2015",12.70,12.90,13.00,12.60,4.25M
951,"Oct 28, 2015",12.65,12.65,12.80,12.60,1.04M
952,"Oct 27, 2015",12.75,12.90,12.90,12.60,87.50K
953,"Oct 26, 2015",12.55,12.60,12.90,12.25,77.70K
954,"Oct 23, 2015",12.60,12.60,12.90,12.50,78.30K
955,"Oct 22, 2015",12.60,12.50,12.90,12.35,136.60K
956,"Oct 21, 2015",12.15,12.20,13.30,12.00,8.40M
957,"Oct 19, 2015",12.15,12.90,12.90,11.90,155.50K
958,"Oct 16, 2015",11.90,12.00,12.00,11.65,1.41M
959,"Oct 15, 2015",11.80,11.90,11.90,11.50,3.47M
960,"Oct 14, 2015",11.90,12.05,12.05,11.60,2.26M
961,"Oct 13, 2015",12.30,12.50,12.50,12.05,2.16M
962,"Oct 12, 2015",12.35,12.60,12.70,12.25,151.10K
963,"Oct 09, 2015",12.65,12.90,12.90,12.50,102.50K
964,"Oct 08, 2015",12.75,12.90,13.00,12.50,88.20K
965,"Oct 07, 2015",12.90,12.95,13.20,12.50,267.70K
966,"Oct 06, 2015",12.95,13.00,13.05,12.90,43.20K
967,"Oct 05, 2015",13.00,13.10,13.20,12.90,262.60K
968,"Oct 02, 2015",13.05,13.10,13.15,13.05,230.90K
969,"Oct 01, 2015",13.05,13.15,13.20,13.05,73.30K
970,"Sep 30, 2015",13.15,13.10,13.25,13.00,110.90K
971,"Sep 29, 2015",13.05,13.25,13.25,13.00,1.36M
972,"Sep 28, 2015",13.15,13.15,13.35,13.05,190.30K
973,"Sep 25, 2015",13.15,13.15,13.25,13.05,220.60K
974,"Sep 24, 2015",13.10,13.10,13.15,13.00,208.70K
975,"Sep 23, 2015",13.00,13.10,13.15,13.00,137.60K
976,"Sep 22, 2015",13.05,13.00,13.25,12.95,107.90K
977,"Sep 21, 2015",13.00,13.00,13.80,12.90,42.00K
978,"Sep 18, 2015",12.90,13.00,13.75,12.90,1.19M
979,"Sep 17, 2015",13.00,13.00,13.65,12.90,2.32M
980,"Sep 16, 2015",12.95,12.85,13.75,12.85,2.46M
981,"Sep 15, 2015",12.85,12.90,12.90,12.85,776.30K
982,"Sep 14, 2015",12.90,12.95,13.00,12.85,987.60K
983,"Sep 11, 2015",12.85,12.95,12.95,12.85,234.90K
984,"Sep 10, 2015",12.95,12.95,13.10,12.90,10.25M
985,"Sep 09, 2015",12.95,13.00,13.10,12.90,2.27M
986,"Sep 08, 2015",12.85,13.10,13.10,12.70,121.90K
987,"Sep 07, 2015",13.00,13.20,13.20,12.85,146.00K
988,"Sep 04, 2015",13.00,13.10,13.30,12.90,291.10K
989,"Sep 03, 2015",13.10,13.00,13.30,13.00,231.90K
990,"Sep 02, 2015",13.00,13.00,13.00,12.90,2.47M
991,"Sep 01, 2015",12.95,13.40,13.40,12.90,115.40K
992,"Aug 31, 2015",13.00,13.00,13.30,12.85,115.80K
993,"Aug 28, 2015",12.85,13.00,13.00,12.80,252.70K
994,"Aug 27, 2015",12.85,13.85,13.85,12.50,142.60K
995,"Aug 26, 2015",13.15,13.50,13.50,13.00,241.90K
996,"Aug 25, 2015",13.55,13.90,13.90,13.25,98.80K
997,"Aug 24, 2015",13.85,13.95,13.95,13.80,148.90K
998,"Aug 21, 2015",13.85,14.00,14.00,13.80,125.70K
999,"Aug 20, 2015",13.95,14.00,14.20,13.80,193.20K
1000,"Aug 19, 2015",14.00,14.00,14.25,14.00,289.70K
1001,"Aug 18, 2015",14.05,14.55,14.55,14.00,471.40K
1002,"Aug 17, 2015",14.45,14.60,14.90,14.35,179.00K
1003,"Aug 14, 2015",14.55,14.80,15.00,14.50,410.80K
1004,"Aug 13, 2015",14.80,15.00,15.00,14.70,115.30K
1005,"Aug 12, 2015",14.85,15.00,15.00,14.60,148.40K
1006,"Aug 11, 2015",14.60,14.40,15.00,14.40,103.40K
1007,"Aug 10, 2015",14.40,14.40,15.00,14.35,81.50K
1008,"Aug 07, 2015",14.35,14.25,14.40,14.20,177.90K
1009,"Aug 06, 2015",14.20,14.10,14.40,14.10,99.20K
1010,"Aug 05, 2015",14.20,14.25,14.50,14.10,109.90K
1011,"Aug 04, 2015",14.20,14.10,14.40,14.10,78.00K
1012,"Aug 03, 2015",14.10,14.15,14.20,14.00,90.90K
1013,"Jul 31, 2015",14.05,14.35,14.35,14.00,198.20K
1014,"Jul 30, 2015",14.35,15.50,15.50,14.20,516.50K
1015,"Jul 29, 2015",14.15,14.25,14.50,14.00,1.40M
1016,"Jul 28, 2015",14.40,14.50,14.50,14.10,672.40K
1017,"Jul 27, 2015",14.30,14.95,15.00,14.15,217.80K
1018,"Jul 24, 2015",14.50,14.50,14.50,14.45,43.90K
1019,"Jul 23, 2015",14.25,15.00,15.00,14.00,150.60K
1020,"Jul 22, 2015",14.95,15.00,15.10,14.90,311.40K
1021,"Jul 21, 2015",15.05,15.15,15.20,15.00,413.90K
1022,"Jul 20, 2015",15.00,15.10,15.20,14.75,171.80K
1023,"Jul 17, 2015",15.10,15.10,15.30,15.00,998.40K
1024,"Jul 16, 2015",15.05,15.30,15.35,14.05,127.00K
1025,"Jul 15, 2015",15.15,15.35,15.35,15.00,431.20K
1026,"Jul 14, 2015",15.30,15.40,15.40,15.10,134.50K
1027,"Jul 13, 2015",15.25,15.25,15.45,15.20,115.00K
1028,"Jul 10, 2015",15.20,15.20,15.45,15.00,97.10K
1029,"Jul 09, 2015",15.35,15.30,15.40,15.00,1.17M
1030,"Jul 08, 2015",15.30,15.20,15.45,15.20,111.90K
1031,"Jul 07, 2015",15.20,15.50,15.50,15.15,64.70K
1032,"Jul 06, 2015",15.30,15.50,15.50,15.25,277.50K
1033,"Jul 03, 2015",15.25,15.50,15.50,15.20,58.10K
1034,"Jul 02, 2015",15.35,15.50,15.50,15.20,241.70K
1035,"Jul 01, 2015",15.35,15.45,15.45,15.30,60.80K
1036,"Jun 30, 2015",15.55,15.50,16.30,15.30,151.30K
1037,"Jun 29, 2015",15.45,15.50,16.20,15.30,1.27M
1038,"Jun 26, 2015",15.50,15.60,15.60,15.40,225.10K
1039,"Jun 25, 2015",15.50,15.60,16.00,15.45,129.50K
1040,"Jun 24, 2015",15.50,15.50,15.60,15.40,167.30K
1041,"Jun 23, 2015",15.55,15.40,15.85,15.40,128.70K
1042,"Jun 22, 2015",15.50,15.50,15.60,15.35,198.20K
1043,"Jun 19, 2015",15.55,15.60,15.65,15.50,94.70K
1044,"Jun 18, 2015",15.50,15.45,15.80,15.45,63.50K
1045,"Jun 17, 2015",15.50,15.30,16.00,15.30,129.40K
1046,"Jun 16, 2015",15.35,15.35,15.40,15.30,124.80K
1047,"Jun 15, 2015",15.35,16.50,16.50,15.30,138.00K
1048,"Jun 12, 2015",15.35,15.35,15.50,15.30,196.20K
1049,"Jun 11, 2015",15.35,15.30,15.50,15.30,83.90K
1050,"Jun 10, 2015",15.35,15.35,15.50,15.25,842.90K
1051,"Jun 09, 2015",15.30,15.20,15.40,15.20,87.60K
1052,"Jun 08, 2015",15.35,15.25,15.40,15.20,391.10K
1053,"Jun 05, 2015",15.30,15.35,15.40,15.25,254.40K
1054,"Jun 04, 2015",15.30,15.10,15.40,15.10,138.40K
1055,"Jun 03, 2015",15.35,15.45,15.45,15.30,165.10K
1056,"Jun 02, 2015",15.40,15.25,15.45,15.05,4.02M
1057,"May 29, 2015",15.35,15.40,15.50,15.20,501.70K
1058,"May 28, 2015",15.45,15.65,15.65,15.35,194.80K
1059,"May 27, 2015",15.50,15.70,15.70,15.45,55.90K
1060,"May 26, 2015",15.50,15.45,15.70,15.40,112.50K
1061,"May 25, 2015",15.25,15.20,15.45,15.10,295.70K
1062,"May 22, 2015",15.20,15.25,15.25,15.05,965.50K
1063,"May 21, 2015",15.20,15.20,15.30,15.00,1.31M
1064,"May 20, 2015",15.25,15.30,15.35,15.20,218.90K
1065,"May 19, 2015",15.30,15.45,15.45,15.25,413.30K
1066,"May 18, 2015",15.35,15.45,15.45,15.25,128.90K
1067,"May 15, 2015",15.40,15.45,15.50,15.30,795.40K
1068,"May 14, 2015",15.45,15.45,15.75,15.35,223.70K
1069,"May 13, 2015",15.45,15.75,15.75,15.40,232.80K
1070,"May 12, 2015",15.80,15.90,15.90,15.50,64.90K
1071,"May 11, 2015",15.85,16.00,16.00,15.65,1.62M
1072,"May 08, 2015",15.95,15.75,16.80,15.60,1.74M
1073,"May 07, 2015",15.75,15.80,15.85,15.60,222.60K
1074,"May 06, 2015",15.75,15.70,16.00,15.65,529.20K
1075,"May 05, 2015",15.80,16.50,16.50,15.70,311.70K
1076,"May 04, 2015",15.80,16.00,16.00,15.65,178.80K
1077,"Apr 30, 2015",15.95,16.00,16.00,15.85,423.00K
1078,"Apr 29, 2015",15.70,15.70,16.00,15.55,361.40K
1079,"Apr 28, 2015",15.50,15.45,15.70,15.35,260.50K
1080,"Apr 27, 2015",15.60,15.60,15.90,15.55,192.20K
1081,"Apr 24, 2015",15.45,15.40,15.90,15.40,54.30K
1082,"Apr 23, 2015",15.40,15.35,15.50,15.30,202.00K
1083,"Apr 22, 2015",15.30,15.60,15.60,15.30,1.13M
1084,"Apr 21, 2015",15.45,15.70,15.70,15.30,430.10K
1085,"Apr 20, 2015",15.60,15.75,15.75,15.55,422.50K
1086,"Apr 17, 2015",15.60,15.90,15.95,15.55,449.60K
1087,"Apr 16, 2015",15.80,15.75,16.00,15.65,1.13M
1088,"Apr 15, 2015",15.85,16.00,16.00,15.75,675.50K
1089,"Apr 14, 2015",15.95,16.00,16.05,15.90,303.80K
1090,"Apr 13, 2015",15.95,16.00,16.30,15.90,251.30K
1091,"Apr 10, 2015",16.00,16.30,16.30,15.60,77.80K
1092,"Apr 09, 2015",16.30,16.50,16.50,16.05,122.20K
1093,"Apr 08, 2015",16.45,16.55,16.55,16.30,904.20K
1094,"Apr 07, 2015",16.45,16.55,16.75,16.35,636.40K
1095,"Apr 02, 2015",16.55,16.65,16.75,16.45,239.60K
1096,"Apr 01, 2015",16.45,16.70,16.70,15.05,6.38M
1097,"Mar 31, 2015",16.40,17.00,17.00,16.00,529.10K
1098,"Mar 30, 2015",17.50,17.45,17.85,17.30,958.10K
1099,"Mar 27, 2015",17.25,17.00,17.65,16.90,543.80K
1100,"Mar 26, 2015",16.90,17.10,17.20,16.80,2.79M
1101,"Mar 25, 2015",17.15,17.30,17.30,17.10,640.50K
1102,"Mar 24, 2015",17.15,17.10,17.25,17.10,554.70K
1103,"Mar 23, 2015",17.10,17.10,17.25,17.05,844.80K
1104,"Mar 20, 2015",17.10,17.10,17.20,17.05,274.10K
1105,"Mar 19, 2015",17.10,17.25,17.30,17.05,469.70K
1106,"Mar 18, 2015",17.15,17.15,17.25,17.10,424.00K
1107,"Mar 17, 2015",17.10,17.15,17.20,17.05,243.00K
1108,"Mar 16, 2015",17.05,17.10,17.20,17.00,233.50K
1109,"Mar 13, 2015",17.05,17.05,17.10,17.00,654.10K
1110,"Mar 12, 2015",17.00,17.10,17.10,17.00,641.60K
1111,"Mar 11, 2015",17.00,17.05,17.10,17.00,1.11M
1112,"Mar 10, 2015",17.05,17.00,17.20,16.80,240.10K
1113,"Mar 09, 2015",17.05,17.00,17.20,16.75,251.20K
1114,"Mar 06, 2015",16.80,16.50,17.00,16.40,1.94M
1115,"Mar 05, 2015",16.30,16.65,16.75,15.30,139.10K
1116,"Mar 04, 2015",16.95,17.10,17.20,16.60,540.00K
1117,"Mar 03, 2015",17.00,17.20,17.20,16.65,50.60K
1118,"Mar 02, 2015",17.20,17.20,17.25,17.20,705.00K
1119,"Feb 27, 2015",17.25,17.20,17.45,17.15,2.05M
1120,"Feb 26, 2015",17.20,17.30,17.30,17.15,1.60M
1121,"Feb 25, 2015",17.15,17.10,17.45,17.00,749.90K
1122,"Feb 24, 2015",17.05,17.00,17.50,17.00,148.00K
1123,"Feb 23, 2015",16.95,16.80,17.10,16.80,3.70M
1124,"Feb 20, 2015",16.90,16.90,17.00,16.85,309.60K
1125,"Feb 19, 2015",16.90,16.95,17.00,16.70,4.29M
1126,"Feb 18, 2015",16.85,16.80,17.00,16.80,3.35M
1127,"Feb 17, 2015",16.85,16.80,17.00,16.75,385.90K
1128,"Feb 16, 2015",16.75,16.70,16.90,16.70,212.60K
1129,"Feb 13, 2015",16.70,17.00,17.00,16.60,956.20K
1130,"Feb 12, 2015",16.65,17.00,17.00,16.50,38.60K
1131,"Feb 11, 2015",16.65,16.80,16.95,16.40,252.60K
1132,"Feb 10, 2015",16.95,17.20,17.20,16.65,1.01M
1133,"Feb 09, 2015",17.00,16.80,17.10,16.80,187.10K
1134,"Feb 06, 2015",17.00,16.80,17.10,16.80,1.09M
1135,"Feb 05, 2015",16.70,16.70,16.85,16.50,323.00K
1136,"Feb 04, 2015",16.50,16.35,16.70,16.30,1.77M
1137,"Feb 03, 2015",16.30,16.30,16.50,16.10,707.70K
1138,"Feb 02, 2015",16.15,16.20,16.30,16.15,109.10K
1139,"Jan 30, 2015",16.15,16.10,16.25,16.00,740.70K
1140,"Jan 29, 2015",16.10,16.20,16.25,16.00,131.00K
1141,"Jan 28, 2015",16.20,16.25,16.30,16.10,178.30K
1142,"Jan 27, 2015",16.20,17.00,17.00,16.05,163.20K
1143,"Jan 26, 2015",16.20,16.25,16.40,16.10,153.30K
1144,"Jan 23, 2015",16.10,16.15,16.30,16.00,151.60K
1145,"Jan 22, 2015",16.05,16.30,16.30,16.00,300.00K
1146,"Jan 21, 2015",16.15,16.30,16.30,16.00,274.20K
1147,"Jan 20, 2015",16.30,16.40,16.40,16.20,343.90K
1148,"Jan 19, 2015",16.25,16.40,16.50,16.10,181.40K
1149,"Jan 16, 2015",16.40,16.25,16.50,16.25,244.10K
1150,"Jan 15, 2015",16.25,16.40,16.40,16.05,190.10K
1151,"Jan 14, 2015",16.05,16.00,16.50,16.00,162.60K
1152,"Jan 13, 2015",15.95,16.40,16.40,15.75,324.40K
1153,"Jan 12, 2015",15.95,16.00,16.50,15.55,1.35M
1154,"Jan 09, 2015",16.40,16.45,17.00,16.25,108.30K
1155,"Jan 08, 2015",16.30,16.40,16.75,16.25,1.63M
1156,"Jan 07, 2015",16.30,16.60,16.75,16.10,358.60K
1157,"Jan 06, 2015",16.40,16.45,16.70,16.25,1.08M
1158,"Jan 05, 2015",16.45,16.70,16.70,16.25,241.00K
1159,"Jan 02, 2015",16.75,16.70,16.80,16.60,84.30K
1160,"Dec 31, 2014",16.70,16.80,16.80,16.60,419.70K
1161,"Dec 30, 2014",16.60,16.60,16.80,16.50,1.86M
1162,"Dec 29, 2014",16.55,16.50,16.80,16.50,1.54M
1163,"Dec 24, 2014",16.50,16.40,16.70,16.40,4.06M
1164,"Dec 23, 2014",16.45,16.50,16.85,16.10,529.80K
1165,"Dec 22, 2014",16.25,16.55,16.55,16.00,174.50K
1166,"Dec 19, 2014",16.10,16.50,16.80,16.00,214.10K
1167,"Dec 18, 2014",16.50,16.80,16.90,16.40,573.90K
1168,"Dec 17, 2014",16.55,16.50,16.90,16.00,1.19M
1169,"Dec 16, 2014",16.50,16.50,16.85,16.40,289.00K
1170,"Dec 15, 2014",16.50,16.50,16.80,16.10,2.91M
1171,"Dec 11, 2014",16.10,16.90,16.95,16.05,1.16M
1172,"Dec 10, 2014",16.85,16.75,17.00,16.50,554.40K
1173,"Dec 09, 2014",16.90,17.15,17.15,16.55,273.50K
1174,"Dec 08, 2014",16.85,17.00,17.05,16.50,180.90K
1175,"Dec 05, 2014",17.05,17.10,17.20,17.05,114.70K
1176,"Dec 04, 2014",17.10,17.05,17.20,17.05,1.60M
1177,"Dec 03, 2014",17.10,17.10,17.25,17.00,1.27M
1178,"Dec 02, 2014",17.05,17.00,17.10,17.00,1.39M
1179,"Dec 01, 2014",17.00,17.10,17.10,16.95,307.50K
1180,"Nov 28, 2014",17.00,17.00,17.15,16.95,743.00K
1181,"Nov 27, 2014",16.95,16.95,17.00,16.80,1.19M
1182,"Nov 26, 2014",16.95,16.85,17.05,16.80,185.90K
1183,"Nov 25, 2014",16.80,17.00,17.00,16.70,1.21M
1184,"Nov 24, 2014",16.75,16.90,16.95,16.60,352.60K
1185,"Nov 21, 2014",17.00,16.95,17.10,16.95,844.70K
1186,"Nov 20, 2014",16.90,16.90,17.00,16.90,1.02M
1187,"Nov 19, 2014",16.90,16.90,17.00,16.90,3.33M
1188,"Nov 18, 2014",16.90,17.00,17.00,16.50,636.40K
1189,"Nov 17, 2014",17.10,17.10,17.15,17.00,495.00K
1190,"Nov 14, 2014",17.10,17.10,17.20,17.10,567.40K
1191,"Nov 13, 2014",17.10,17.05,17.25,17.05,462.60K
1192,"Nov 12, 2014",16.95,16.90,17.10,16.90,1.09M
1193,"Nov 11, 2014",16.75,16.60,16.90,16.60,396.30K
1194,"Nov 10, 2014",16.60,16.60,16.80,16.60,236.40K
1195,"Nov 07, 2014",16.55,16.50,16.80,16.45,150.00K
1196,"Nov 06, 2014",16.50,16.70,16.85,16.40,135.50K
1197,"Nov 05, 2014",16.75,16.80,16.90,16.60,805.90K
1198,"Nov 04, 2014",16.90,16.80,17.00,16.70,1.20M
1199,"Nov 03, 2014",16.80,16.90,17.00,16.80,148.50K
1200,"Oct 31, 2014",16.80,16.95,17.00,16.70,210.80K
1201,"Oct 30, 2014",16.75,16.85,16.95,16.55,199.20K
1202,"Oct 29, 2014",16.65,17.00,17.00,16.50,94.10K
1203,"Oct 28, 2014",16.95,16.85,17.10,16.80,330.20K
1204,"Oct 27, 2014",16.85,17.00,17.00,16.80,275.50K
1205,"Oct 24, 2014",16.85,17.00,17.00,16.55,127.10K
1206,"Oct 23, 2014",16.95,16.90,17.10,16.90,381.20K
1207,"Oct 22, 2014",16.95,16.95,17.00,16.90,237.50K
1208,"Oct 21, 2014",16.80,16.95,17.00,16.60,155.50K
1209,"Oct 17, 2014",16.95,16.95,17.05,16.50,364.40K
1210,"Oct 16, 2014",16.90,17.05,17.05,16.90,274.50K
1211,"Oct 15, 2014",17.05,17.05,17.15,16.80,1.02M
1212,"Oct 14, 2014",17.10,17.10,17.35,17.00,607.20K
1213,"Oct 13, 2014",17.05,17.05,17.20,17.00,165.00K
1214,"Oct 10, 2014",17.05,17.10,17.20,17.00,302.10K
1215,"Oct 09, 2014",17.15,17.00,17.30,17.00,463.20K
1216,"Oct 08, 2014",17.05,17.10,17.30,17.00,207.50K
1217,"Oct 07, 2014",17.05,17.10,17.40,16.90,144.80K
1218,"Oct 06, 2014",17.10,17.10,17.30,17.10,94.60K
1219,"Oct 03, 2014",17.10,17.40,17.40,17.00,131.00K
1220,"Oct 02, 2014",17.10,17.45,17.45,17.05,239.70K
1221,"Oct 01, 2014",17.40,17.50,17.50,17.20,253.90K
1222,"Sep 30, 2014",17.45,17.60,17.60,17.40,324.80K
1223,"Sep 29, 2014",17.50,17.75,17.75,17.50,373.60K
1224,"Sep 26, 2014",17.70,17.90,17.90,17.50,273.10K
1225,"Sep 25, 2014",17.75,17.90,17.90,17.65,330.70K
1226,"Sep 24, 2014",17.80,17.80,18.00,17.70,332.70K
1227,"Sep 23, 2014",17.80,17.70,18.00,17.70,245.00K
1228,"Sep 22, 2014",17.65,17.65,17.80,17.50,414.20K
1229,"Sep 19, 2014",17.50,17.45,17.80,17.45,754.60K
1230,"Sep 18, 2014",17.30,17.50,17.70,17.20,881.90K
1231,"Sep 17, 2014",17.45,17.15,17.50,17.10,1.11M
1232,"Sep 16, 2014",17.15,17.15,17.25,17.05,2.37M
1233,"Sep 15, 2014",17.05,17.20,17.20,17.00,316.30K
1234,"Sep 12, 2014",17.05,17.25,17.25,16.95,687.10K
1235,"Sep 11, 2014",17.25,17.50,17.50,17.00,327.20K
1236,"Sep 10, 2014",17.35,17.10,17.50,17.10,12.59M
1237,"Sep 09, 2014",17.35,17.55,17.55,17.20,133.20K
1238,"Sep 08, 2014",17.55,18.00,18.00,17.45,138.30K
1239,"Sep 05, 2014",17.55,17.50,17.80,17.50,143.40K
1240,"Sep 04, 2014",17.50,17.30,17.90,17.30,145.10K
1241,"Sep 03, 2014",17.60,18.00,18.00,17.10,166.40K
1242,"Sep 02, 2014",17.95,18.00,18.05,17.50,484.20K
1243,"Sep 01, 2014",18.00,18.00,18.40,17.95,1.22M
1244,"Aug 29, 2014",18.00,18.10,18.15,17.90,338.40K
1245,"Aug 28, 2014",18.10,18.05,18.20,18.05,1.64M
1246,"Aug 27, 2014",18.10,18.15,18.20,18.05,291.10K
1247,"Aug 26, 2014",18.05,18.05,18.15,18.00,555.30K
1248,"Aug 25, 2014",18.00,18.00,18.20,17.75,323.20K
1249,"Aug 22, 2014",18.00,18.05,18.20,17.70,610.60K
1250,"Aug 21, 2014",18.20,18.40,18.45,18.15,402.10K
1251,"Aug 20, 2014",17.90,17.60,18.40,17.60,258.60K
1252,"Aug 19, 2014",17.50,17.40,17.60,17.25,647.90K
1253,"Aug 18, 2014",17.45,17.45,17.55,17.25,341.60K
1254,"Aug 15, 2014",17.30,17.25,17.50,17.20,2.00M
1255,"Aug 14, 2014",17.20,17.10,17.50,17.10,197.70K
1256,"Aug 13, 2014",17.05,17.05,17.20,17.05,2.51M
1257,"Aug 12, 2014",17.05,17.15,17.20,17.00,188.90K
1258,"Aug 11, 2014",17.05,17.05,17.20,17.00,207.90K
1259,"Aug 08, 2014",17.00,17.05,17.10,17.00,137.80K
1260,"Aug 07, 2014",17.05,17.00,17.20,16.90,585.40K
1261,"Aug 06, 2014",17.05,17.00,17.10,17.00,519.40K
1262,"Aug 05, 2014",17.00,17.00,17.10,16.95,297.90K
1263,"Aug 04, 2014",17.00,16.95,17.20,16.95,963.20K
1264,"Aug 01, 2014",16.95,17.00,17.10,16.90,106.70K
1265,"Jul 31, 2014",16.95,16.60,17.20,16.60,1.98M
1266,"Jul 30, 2014",16.40,16.80,16.80,16.10,351.60K
1267,"Jul 28, 2014",16.60,16.85,17.00,15.30,276.20K
1268,"Jul 25, 2014",16.95,17.00,17.10,16.85,132.80K
1269,"Jul 24, 2014",17.00,17.00,17.10,16.90,2.59M
1270,"Jul 23, 2014",17.05,17.10,17.10,17.00,190.40K
1271,"Jul 22, 2014",17.00,17.00,17.10,17.00,199.10K
1272,"Jul 21, 2014",17.00,17.05,17.10,17.00,388.80K
1273,"Jul 18, 2014",17.00,17.00,17.20,16.90,571.90K
1274,"Jul 17, 2014",16.90,17.00,17.00,16.90,127.60K
1275,"Jul 16, 2014",16.90,16.95,17.05,16.90,132.80K
1276,"Jul 15, 2014",16.95,17.00,17.10,16.95,208.70K
1277,"Jul 14, 2014",17.00,16.90,17.15,16.90,178.70K
1278,"Jul 11, 2014",17.00,16.90,17.30,16.85,137.90K
1279,"Jul 10, 2014",17.00,17.20,17.50,17.00,225.40K
1280,"Jul 09, 2014",17.15,16.90,17.50,16.90,273.70K
1281,"Jul 08, 2014",16.90,16.85,17.20,16.85,1.24M
1282,"Jul 07, 2014",16.90,17.00,17.00,16.80,48.60K
1283,"Jul 04, 2014",16.85,17.20,17.20,16.60,226.30K
1284,"Jul 03, 2014",17.00,17.00,17.10,16.95,248.50K
1285,"Jul 02, 2014",16.95,17.00,17.20,16.85,1.06M
1286,"Jul 01, 2014",16.95,16.75,17.20,16.50,2.29M
1287,"Jun 30, 2014",16.70,16.60,17.00,16.55,413.30K
1288,"Jun 27, 2014",16.65,16.55,16.80,16.50,1.05M
1289,"Jun 26, 2014",16.60,16.70,16.80,16.50,133.30K
1290,"Jun 25, 2014",16.80,16.90,16.90,16.60,1.26M
1291,"Jun 24, 2014",16.85,17.00,17.00,16.80,367.50K
1292,"Jun 23, 2014",16.85,17.00,17.00,16.80,701.90K
1293,"Jun 20, 2014",16.90,16.90,17.00,16.90,407.70K
1294,"Jun 19, 2014",16.90,16.90,17.00,16.90,320.70K
1295,"Jun 18, 2014",16.90,16.90,17.00,16.85,463.90K
1296,"Jun 17, 2014",16.90,17.20,17.20,16.85,163.10K
1297,"Jun 16, 2014",17.00,17.00,17.20,16.90,784.50K
1298,"Jun 13, 2014",17.00,17.00,17.20,17.00,162.80K
1299,"Jun 12, 2014",17.00,17.00,17.20,17.00,203.30K
1300,"Jun 11, 2014",17.00,16.90,17.05,16.90,1.76M
1301,"Jun 10, 2014",16.90,16.95,17.00,16.85,959.50K
1302,"Jun 09, 2014",16.85,16.95,17.00,16.85,586.80K
1303,"Jun 06, 2014",16.95,16.85,17.00,16.85,244.40K
1304,"Jun 05, 2014",16.80,16.70,17.00,16.65,8.01M
1305,"Jun 04, 2014",16.60,17.00,17.00,16.50,181.00K
1306,"Jun 03, 2014",16.55,16.65,16.85,16.50,414.20K
1307,"May 30, 2014",16.50,16.50,16.65,16.40,137.20K
1308,"May 29, 2014",16.45,16.60,16.60,16.40,304.30K
1309,"May 28, 2014",16.45,16.60,16.60,16.30,99.40K
1310,"May 27, 2014",16.60,16.65,16.65,16.50,130.40K
1311,"May 26, 2014",16.65,16.75,16.75,16.60,139.30K
1312,"May 23, 2014",17.00,17.00,17.05,16.75,903.10K
1313,"May 22, 2014",17.00,17.00,17.05,17.00,575.70K
1314,"May 21, 2014",17.00,17.00,17.10,17.00,383.40K
1315,"May 20, 2014",17.00,17.00,17.05,17.00,713.30K
1316,"May 19, 2014",17.00,17.00,17.10,17.00,644.60K
1317,"May 16, 2014",17.00,17.00,17.10,16.95,245.50K
1318,"May 15, 2014",17.00,17.00,17.05,16.95,1.51M
1319,"May 14, 2014",16.95,16.95,17.00,16.90,1.99M
1320,"May 13, 2014",16.95,17.00,17.05,16.95,1.42M
1321,"May 12, 2014",17.00,17.20,17.20,17.00,753.00K
1322,"May 09, 2014",17.00,17.05,17.20,17.00,476.10K
1323,"May 08, 2014",17.00,17.00,17.10,17.00,402.30K
1324,"May 07, 2014",17.05,17.10,17.20,17.00,356.60K
1325,"May 06, 2014",17.00,17.00,17.10,17.00,600.80K
1326,"May 05, 2014",17.00,17.00,17.20,17.00,377.10K
1327,"May 02, 2014",17.00,17.00,17.10,16.95,452.20K
1328,"Apr 30, 2014",17.00,17.20,17.20,16.70,2.45M
1329,"Apr 29, 2014",17.00,16.85,17.20,16.80,645.80K
1330,"Apr 28, 2014",16.80,17.00,17.00,16.70,169.40K
1331,"Apr 25, 2014",16.80,16.65,17.00,16.65,332.40K
1332,"Apr 24, 2014",16.65,16.60,16.80,16.60,316.30K
1333,"Apr 23, 2014",16.45,16.35,16.65,16.35,820.70K
1334,"Apr 22, 2014",16.35,16.35,16.50,16.35,225.90K
1335,"Apr 17, 2014",16.35,16.30,16.40,16.30,237.40K
1336,"Apr 16, 2014",16.25,16.25,16.40,16.20,749.30K
1337,"Apr 15, 2014",16.20,16.20,16.25,16.20,762.80K
1338,"Apr 14, 2014",16.20,16.30,16.35,16.15,500.00K
1339,"Apr 11, 2014",16.20,16.30,16.30,16.00,2.24M
1340,"Apr 10, 2014",16.10,16.30,16.30,16.00,631.40K
1341,"Apr 09, 2014",16.30,16.25,16.30,16.10,2.25M
1342,"Apr 08, 2014",16.30,16.40,16.45,16.25,190.90K
1343,"Apr 07, 2014",16.45,16.45,16.60,16.25,126.50K
1344,"Apr 04, 2014",16.45,16.50,16.65,16.45,76.00K
1345,"Apr 03, 2014",16.45,16.45,16.50,16.30,536.30K
1346,"Apr 02, 2014",16.45,16.50,16.50,16.30,282.10K
1347,"Apr 01, 2014",16.25,16.50,16.50,16.10,135.60K
1348,"Mar 31, 2014",16.10,16.25,16.50,16.00,65.70K
1349,"Mar 28, 2014",16.70,16.60,16.80,16.25,90.60K
1350,"Mar 27, 2014",16.80,16.60,17.00,16.60,76.80K
1351,"Mar 26, 2014",16.70,16.50,16.80,16.50,1.10M
1352,"Mar 25, 2014",16.50,16.35,16.80,16.35,850.60K
1353,"Mar 24, 2014",16.25,16.25,16.50,16.15,537.50K
1354,"Mar 21, 2014",16.25,16.20,16.30,16.20,407.40K
1355,"Mar 20, 2014",16.15,16.00,16.25,15.90,410.40K
1356,"Mar 19, 2014",16.00,16.05,16.10,15.85,922.10K
1357,"Mar 18, 2014",16.05,16.15,16.20,16.00,844.00K
1358,"Mar 17, 2014",16.15,16.20,16.25,16.05,534.90K
1359,"Mar 14, 2014",16.20,16.20,16.45,16.20,651.30K
1360,"Mar 13, 2014",16.25,16.30,16.40,16.20,482.40K
1361,"Mar 12, 2014",16.20,16.20,16.30,16.20,1.00M
1362,"Mar 11, 2014",16.20,16.40,16.45,15.80,194.30K
1363,"Mar 10, 2014",16.45,16.20,17.00,16.20,440.40K
1364,"Mar 07, 2014",16.20,16.20,16.30,16.00,1.17M
1365,"Mar 06, 2014",16.30,16.30,16.45,16.20,148.00K
1366,"Mar 05, 2014",16.20,16.25,16.30,16.10,164.40K
1367,"Mar 04, 2014",16.20,16.25,16.45,16.15,312.50K
1368,"Mar 03, 2014",16.20,16.05,16.35,16.05,664.80K
1369,"Feb 28, 2014",16.15,16.50,16.50,16.10,1.65M
1370,"Feb 27, 2014",16.50,16.65,16.70,16.40,656.20K
1371,"Feb 26, 2014",16.55,16.50,16.95,16.45,164.80K
1372,"Feb 25, 2014",16.50,16.30,16.95,16.30,1.35M
1373,"Feb 24, 2014",16.45,16.40,16.95,16.10,270.70K
1374,"Feb 21, 2014",16.10,16.20,16.40,16.00,332.50K
1375,"Feb 20, 2014",16.10,16.40,16.50,15.90,102.10K
1376,"Feb 19, 2014",16.00,16.40,16.40,16.00,1.40M
1377,"Feb 18, 2014",16.35,16.40,16.50,16.30,165.20K
1378,"Feb 17, 2014",16.40,16.70,16.70,16.35,988.20K
1379,"Feb 14, 2014",16.55,16.70,16.90,16.40,879.30K
1380,"Feb 13, 2014",16.65,16.90,16.95,16.45,185.70K
1381,"Feb 12, 2014",16.90,16.95,16.95,16.80,158.80K
1382,"Feb 11, 2014",16.85,16.95,16.95,16.50,179.20K
1383,"Feb 10, 2014",16.65,16.60,17.00,16.50,430.90K
1384,"Feb 07, 2014",16.70,16.90,17.00,16.10,123.90K
1385,"Feb 06, 2014",16.60,17.10,17.30,16.00,528.60K
1386,"Feb 05, 2014",16.95,16.95,17.00,16.65,888.30K
1387,"Feb 04, 2014",16.90,17.00,17.00,16.65,139.10K
1388,"Feb 03, 2014",17.00,17.00,17.10,16.90,779.70K
1389,"Jan 31, 2014",16.95,17.05,17.35,16.60,234.90K
1390,"Jan 30, 2014",17.00,17.10,17.50,16.95,4.78M
1391,"Jan 29, 2014",17.50,18.00,18.00,17.00,1.42M
1392,"Jan 28, 2014",17.95,18.20,18.20,17.80,503.80K
1393,"Jan 27, 2014",18.20,18.20,18.75,18.00,204.90K
1394,"Jan 24, 2014",18.15,18.00,18.60,17.90,146.70K
1395,"Jan 23, 2014",18.00,17.80,19.15,17.80,1.43M
1396,"Jan 22, 2014",17.75,17.80,17.80,17.55,137.50K
1397,"Jan 21, 2014",17.60,17.75,17.80,17.50,265.10K
1398,"Jan 20, 2014",17.55,17.45,17.75,17.35,703.60K
1399,"Jan 17, 2014",17.30,17.40,17.45,17.25,362.10K
1400,"Jan 16, 2014",17.40,17.50,17.55,17.30,92.50K
1401,"Jan 15, 2014",17.35,17.25,17.50,17.25,130.50K
1402,"Jan 14, 2014",17.30,17.50,17.55,17.10,430.00K
1403,"Jan 13, 2014",17.20,17.55,17.55,17.00,327.10K
1404,"Jan 10, 2014",17.60,17.80,17.80,17.40,107.60K
1405,"Jan 09, 2014",17.75,17.80,18.00,17.60,96.10K
1406,"Jan 08, 2014",17.60,17.80,17.80,17.50,323.60K
1407,"Jan 07, 2014",17.60,17.50,17.90,17.50,361.80K
1408,"Jan 06, 2014",17.60,17.70,18.00,17.50,80.30K
1409,"Jan 03, 2014",17.60,17.80,18.00,17.55,110.40K
1410,"Jan 02, 2014",17.70,17.80,17.80,17.60,26.60K
1411,"Dec 31, 2013",17.60,17.65,18.00,17.55,288.90K
1412,"Dec 30, 2013",17.60,17.75,18.00,17.50,28.70K
1413,"Dec 27, 2013",17.75,17.75,18.00,17.70,51.90K
1414,"Dec 24, 2013",17.75,17.75,17.80,17.75,39.20K
1415,"Dec 23, 2013",17.80,17.50,18.00,17.50,110.40K
1416,"Dec 20, 2013",17.40,17.40,17.70,17.30,449.50K
1417,"Dec 19, 2013",17.25,17.05,17.40,17.00,172.20K
1418,"Dec 18, 2013",17.15,17.55,17.55,17.10,249.20K
1419,"Dec 17, 2013",17.15,17.65,17.65,17.00,74.60K
1420,"Dec 16, 2013",17.55,17.70,17.70,17.50,1.11M
1421,"Dec 11, 2013",17.60,17.75,17.75,17.55,113.80K
1422,"Dec 10, 2013",17.70,17.75,17.80,17.65,945.10K
1423,"Dec 09, 2013",17.75,17.75,17.90,17.65,144.60K
1424,"Dec 06, 2013",17.65,17.65,17.90,17.50,311.20K
1425,"Dec 05, 2013",17.75,17.60,18.00,17.55,784.80K
1426,"Dec 04, 2013",17.55,17.60,17.70,17.50,544.60K
1427,"Dec 03, 2013",17.55,17.55,17.60,17.55,1.22M
1428,"Dec 02, 2013",17.60,17.80,17.80,17.50,237.50K
1429,"Nov 29, 2013",17.50,18.20,18.20,17.30,681.90K
1430,"Nov 28, 2013",17.75,18.45,18.45,17.05,118.00K
1431,"Nov 27, 2013",18.45,18.50,18.60,17.00,1.60M
1432,"Nov 26, 2013",18.50,18.55,18.60,18.50,542.50K
1433,"Nov 25, 2013",18.50,18.55,18.60,18.45,561.20K
1434,"Nov 22, 2013",18.50,18.55,18.60,18.50,461.00K
1435,"Nov 21, 2013",18.55,18.55,18.65,18.50,664.20K
1436,"Nov 20, 2013",18.50,18.60,18.60,18.50,1.42M
1437,"Nov 19, 2013",18.50,18.60,18.60,18.50,253.30K
1438,"Nov 18, 2013",18.55,18.60,18.65,18.50,1.32M
1439,"Nov 15, 2013",18.55,18.50,18.75,18.50,97.70K
1440,"Nov 14, 2013",18.60,18.50,18.70,18.50,401.10K
1441,"Nov 13, 2013",18.50,18.50,18.65,18.50,114.20K
1442,"Nov 12, 2013",18.50,18.55,18.65,18.50,248.90K
1443,"Nov 11, 2013",18.50,18.50,18.60,18.45,612.50K
1444,"Nov 08, 2013",18.65,18.55,18.70,18.55,1.85M
1445,"Nov 07, 2013",18.55,18.50,18.65,18.50,337.30K
1446,"Nov 06, 2013",18.50,18.65,18.75,18.50,1.17M
1447,"Nov 05, 2013",18.60,18.70,18.75,18.45,241.80K
1448,"Nov 04, 2013",18.65,18.65,18.75,18.45,385.90K
1449,"Nov 01, 2013",18.65,18.70,18.75,18.65,2.11M
1450,"Oct 31, 2013",18.65,18.70,18.75,18.65,349.10K
1451,"Oct 30, 2013",18.70,18.75,18.75,18.60,285.00K
1452,"Oct 28, 2013",18.75,18.65,19.00,18.65,1.21M
1453,"Oct 25, 2013",18.50,18.50,18.70,18.45,1.40M
1454,"Oct 24, 2013",18.55,18.50,18.60,18.45,2.38M
1455,"Oct 23, 2013",18.50,18.45,18.60,18.45,502.60K
1456,"Oct 22, 2013",18.50,18.45,18.60,18.40,1.11M
1457,"Oct 18, 2013",18.45,18.30,18.70,18.30,372.20K
1458,"Oct 17, 2013",18.40,18.40,18.60,18.30,520.40K
1459,"Oct 16, 2013",18.30,18.45,18.45,18.15,650.90K
1460,"Oct 15, 2013",18.40,18.35,18.50,18.35,721.10K
1461,"Oct 14, 2013",18.35,18.30,18.50,18.25,463.90K
1462,"Oct 11, 2013",18.15,18.20,18.30,18.15,348.90K
1463,"Oct 10, 2013",18.10,18.05,18.20,18.05,500.10K
1464,"Oct 09, 2013",18.00,18.00,18.15,17.80,977.10K
1465,"Oct 08, 2013",17.65,17.40,18.00,17.35,196.80K
1466,"Oct 07, 2013",17.40,17.45,17.45,17.30,198.90K
1467,"Oct 04, 2013",17.30,17.25,17.50,17.25,349.80K
1468,"Oct 03, 2013",17.25,17.20,17.50,17.15,772.90K
1469,"Oct 02, 2013",17.15,17.10,17.20,17.10,389.80K
1470,"Oct 01, 2013",17.10,17.30,17.30,17.10,20.50K
1471,"Sep 30, 2013",17.10,17.10,17.15,17.00,1.79M
1472,"Sep 27, 2013",17.10,17.10,17.15,17.05,1.27M
1473,"Sep 26, 2013",17.10,17.10,17.15,17.00,2.78M
1474,"Sep 25, 2013",17.10,17.05,17.15,17.00,3.45M
1475,"Sep 24, 2013",17.05,17.05,17.20,17.00,816.80K
1476,"Sep 23, 2013",17.10,17.20,17.20,17.05,651.70K
1477,"Sep 20, 2013",17.05,17.00,17.15,17.00,81.20K
1478,"Sep 19, 2013",17.10,17.10,17.20,17.00,743.70K
1479,"Sep 18, 2013",17.10,17.00,17.20,17.00,2.41M
1480,"Sep 17, 2013",17.00,17.10,17.10,16.95,135.30K
1481,"Sep 16, 2013",17.00,17.10,17.10,16.95,448.60K
1482,"Sep 13, 2013",17.10,17.00,17.15,17.00,2.14M
1483,"Sep 12, 2013",17.05,17.00,17.15,17.00,150.80K
1484,"Sep 11, 2013",17.00,17.00,17.10,17.00,2.22M
1485,"Sep 10, 2013",16.75,17.25,17.25,16.05,112.80K
1486,"Sep 09, 2013",17.15,17.30,17.30,17.00,512.30K
1487,"Sep 06, 2013",17.30,17.10,17.35,17.10,4.11M
1488,"Sep 05, 2013",17.25,17.10,17.45,17.10,700.40K
1489,"Sep 04, 2013",17.10,17.05,17.45,17.00,171.20K
1490,"Sep 03, 2013",17.05,17.10,17.10,17.00,353.90K
1491,"Sep 02, 2013",17.10,17.30,17.30,17.10,586.90K
1492,"Aug 30, 2013",17.05,17.35,17.35,16.80,196.50K
1493,"Aug 29, 2013",17.35,17.35,17.50,17.15,86.80K
1494,"Aug 28, 2013",17.45,17.50,17.50,17.35,1.26M
1495,"Aug 27, 2013",17.50,17.45,17.55,17.45,259.40K
1496,"Aug 26, 2013",17.45,17.50,17.55,17.35,551.40K
1497,"Aug 23, 2013",17.45,17.60,17.60,17.35,4.35M
1498,"Aug 22, 2013",17.50,17.35,17.60,17.35,183.70K
1499,"Aug 21, 2013",17.50,17.50,17.70,17.40,2.27M
1500,"Aug 20, 2013",17.60,17.70,17.70,17.50,414.20K
1501,"Aug 19, 2013",17.65,17.60,17.70,17.60,178.00K
1502,"Aug 16, 2013",17.75,17.70,17.95,17.60,1.50M
1503,"Aug 15, 2013",17.70,17.90,17.90,17.65,2.52M
1504,"Aug 14, 2013",17.75,17.65,17.95,17.65,226.60K
1505,"Aug 13, 2013",17.55,17.35,17.70,17.35,1.25M
1506,"Aug 12, 2013",17.35,17.20,17.50,17.20,222.20K
1507,"Aug 08, 2013",17.20,17.30,17.30,17.10,695.40K
1508,"Aug 07, 2013",17.20,17.15,17.30,17.05,1.92M
1509,"Aug 06, 2013",17.30,17.50,17.50,17.15,1.96M
1510,"Aug 05, 2013",17.45,17.55,17.55,17.05,1.12M
1511,"Aug 02, 2013",17.45,17.00,17.55,16.60,1.30M
1512,"Aug 01, 2013",17.45,17.55,17.55,15.75,5.06M
1513,"Jul 31, 2013",17.40,17.50,17.55,16.55,576.30K
1514,"Jul 30, 2013",17.55,17.50,17.70,17.50,564.10K
1515,"Jul 29, 2013",17.55,17.60,17.60,17.50,163.90K
1516,"Jul 26, 2013",17.60,17.60,17.75,17.30,1.35M
1517,"Jul 25, 2013",17.70,17.55,17.80,17.45,1.87M
1518,"Jul 24, 2013",17.65,17.70,17.70,17.50,973.60K
1519,"Jul 23, 2013",17.65,17.80,17.80,17.50,652.70K
1520,"Jul 22, 2013",17.55,17.70,17.70,17.50,100.30K
1521,"Jul 19, 2013",17.55,17.70,17.80,17.45,170.80K
1522,"Jul 18, 2013",17.50,17.70,17.70,17.45,1.89M
1523,"Jul 17, 2013",17.75,17.95,18.00,17.50,94.40K
1524,"Jul 16, 2013",17.95,17.75,18.00,17.75,1.29M
1525,"Jul 15, 2013",17.90,17.55,18.00,17.55,1.91M
1526,"Jul 12, 2013",17.60,17.90,17.90,17.60,1.04M
1527,"Jul 11, 2013",17.45,17.20,17.90,17.00,1.04M
1528,"Jul 10, 2013",17.00,16.85,17.90,16.80,1.79M
1529,"Jul 09, 2013",16.85,16.95,17.00,16.30,530.10K
1530,"Jul 08, 2013",16.55,16.45,17.00,16.10,46.30K
1531,"Jul 05, 2013",16.05,16.00,16.45,16.00,652.80K
1532,"Jul 04, 2013",16.00,16.00,16.30,15.90,2.82M
1533,"Jul 03, 2013",15.80,15.70,16.30,15.70,658.00K
1534,"Jul 02, 2013",15.70,15.70,15.80,15.70,1.45M
1535,"Jul 01, 2013",15.70,15.75,16.00,15.65,939.60K
1536,"Jun 28, 2013",15.70,16.00,16.00,15.60,261.00K
1537,"Jun 27, 2013",15.65,15.50,15.80,15.40,151.90K
1538,"Jun 26, 2013",15.35,15.75,15.75,15.00,216.70K
1539,"Jun 25, 2013",15.80,16.30,16.30,15.50,1.26M
1540,"Jun 24, 2013",16.30,16.35,16.55,16.00,160.80K
1541,"Jun 21, 2013",16.50,16.60,16.60,16.45,145.20K
1542,"Jun 20, 2013",16.70,16.70,16.80,16.60,237.50K
1543,"Jun 19, 2013",16.75,16.75,16.90,16.50,2.74M
1544,"Jun 18, 2013",16.50,16.50,17.00,16.25,316.00K
1545,"Jun 17, 2013",16.75,17.00,17.00,16.35,187.40K
1546,"Jun 14, 2013",17.00,17.00,17.15,16.70,319.50K
1547,"Jun 13, 2013",17.00,17.10,17.15,16.50,264.80K
1548,"Jun 12, 2013",17.10,17.20,17.30,17.00,117.70K
1549,"Jun 11, 2013",17.15,17.50,17.70,16.30,204.00K
1550,"Jun 10, 2013",17.50,17.95,17.95,17.00,104.20K
1551,"Jun 07, 2013",17.85,17.95,18.00,17.80,118.00K
1552,"Jun 06, 2013",17.95,18.00,18.00,17.90,863.90K
1553,"Jun 05, 2013",17.95,18.00,18.00,17.90,203.40K
1554,"Jun 04, 2013",18.00,17.90,18.50,17.90,1.42M
1555,"Jun 03, 2013",17.85,17.85,18.20,17.70,319.60K
1556,"May 31, 2013",17.95,18.25,18.25,17.80,260.90K
1557,"May 30, 2013",18.55,18.75,18.75,18.25,1.94M
1558,"May 29, 2013",18.70,18.50,18.90,18.50,950.40K
1559,"May 28, 2013",18.55,18.30,18.90,18.20,227.70K
1560,"May 27, 2013",18.25,18.25,18.45,18.15,451.50K
1561,"May 24, 2013",18.20,17.95,18.25,17.90,1.82M
1562,"May 23, 2013",17.90,17.75,18.05,17.75,1.14M
1563,"May 22, 2013",17.70,17.70,17.85,17.55,265.10K
1564,"May 21, 2013",17.70,17.85,17.95,17.50,954.20K
1565,"May 20, 2013",17.85,17.80,18.00,17.65,498.50K
1566,"May 17, 2013",17.65,17.60,17.80,17.55,345.40K
1567,"May 16, 2013",17.60,17.60,17.70,17.55,669.50K
1568,"May 15, 2013",17.60,17.60,17.70,17.50,484.80K
1569,"May 14, 2013",17.55,17.60,17.65,17.35,468.40K
1570,"May 13, 2013",17.55,17.70,17.70,17.50,287.70K
1571,"May 10, 2013",17.55,17.75,17.75,17.40,293.30K
1572,"May 09, 2013",17.70,17.70,17.80,17.65,894.80K
1573,"May 08, 2013",17.70,17.65,17.75,17.65,487.30K
1574,"May 07, 2013",17.65,17.65,17.75,17.60,362.00K
1575,"May 06, 2013",17.65,17.65,17.75,17.60,212.50K
1576,"May 03, 2013",17.65,17.65,17.75,17.60,443.00K
1577,"May 02, 2013",17.65,17.70,17.90,17.55,437.60K
1578,"Apr 30, 2013",17.70,17.45,18.00,17.45,429.10K
1579,"Apr 29, 2013",17.45,17.40,17.55,17.40,332.30K
1580,"Apr 26, 2013",17.45,17.40,17.55,17.40,737.20K
1581,"Apr 25, 2013",17.35,17.35,17.50,17.30,559.40K
1582,"Apr 24, 2013",17.35,17.35,17.40,17.30,2.70M
1583,"Apr 23, 2013",17.35,17.40,17.40,17.30,914.00K
1584,"Apr 22, 2013",17.40,17.30,17.45,17.30,165.40K
1585,"Apr 19, 2013",17.40,17.45,17.50,17.30,734.70K
1586,"Apr 18, 2013",17.50,17.50,17.55,17.40,942.50K
1587,"Apr 17, 2013",17.45,17.50,17.55,17.35,807.10K
1588,"Apr 16, 2013",17.50,17.55,17.60,17.40,1.48M
1589,"Apr 15, 2013",17.60,17.50,17.70,17.50,927.00K
1590,"Apr 12, 2013",17.50,17.40,17.70,17.40,603.40K
1591,"Apr 11, 2013",17.40,17.35,17.50,17.30,449.30K
1592,"Apr 10, 2013",17.30,17.25,17.50,17.20,438.00K
1593,"Apr 08, 2013",17.10,17.30,17.50,17.05,234.90K
1594,"Apr 05, 2013",17.25,17.30,17.50,17.05,490.90K
1595,"Apr 04, 2013",17.05,17.30,17.55,17.00,909.20K
1596,"Apr 03, 2013",17.70,18.00,18.25,17.00,407.50K
1597,"Apr 02, 2013",18.00,17.25,18.50,17.25,1.26M
1598,"Mar 28, 2013",17.00,16.95,17.30,16.95,1.09M
1599,"Mar 27, 2013",16.90,16.70,17.20,16.70,810.10K
1600,"Mar 26, 2013",16.65,16.70,16.70,16.60,1.63M
1601,"Mar 25, 2013",16.65,16.60,16.80,16.60,2.02M
1602,"Mar 22, 2013",16.60,16.65,16.80,16.60,1.80M
1603,"Mar 21, 2013",16.60,16.75,16.95,16.50,437.40K
1604,"Mar 20, 2013",16.65,16.60,16.95,16.50,1.82M
1605,"Mar 19, 2013",16.60,16.35,16.70,16.35,1.58M
1606,"Mar 18, 2013",16.35,17.05,17.05,16.00,232.40K
1607,"Mar 15, 2013",16.30,17.00,17.00,16.20,822.70K
1608,"Mar 14, 2013",16.95,17.95,17.95,16.50,425.60K
1609,"Mar 13, 2013",18.30,18.00,18.50,17.40,2.36M
1610,"Mar 12, 2013",17.95,17.50,18.50,17.05,1.10M
1611,"Mar 11, 2013",17.20,17.35,17.50,17.00,558.70K
1612,"Mar 08, 2013",17.35,17.40,17.50,17.25,688.20K
1613,"Mar 07, 2013",17.15,17.00,17.20,17.00,220.10K
1614,"Mar 06, 2013",17.00,17.00,17.50,16.80,1.60M
1615,"Mar 05, 2013",17.00,17.50,17.50,16.90,1.72M
1616,"Mar 01, 2013",17.00,16.80,17.50,16.75,1.13M
1617,"Feb 28, 2013",16.60,16.45,17.00,16.35,372.90K
1618,"Feb 27, 2013",16.35,16.25,16.45,16.25,1.47M
1619,"Feb 26, 2013",16.25,16.25,16.30,16.20,1.77M
1620,"Feb 25, 2013",16.25,16.35,16.35,16.20,255.50K
1621,"Feb 22, 2013",16.20,16.30,16.35,16.15,1.10M
1622,"Feb 21, 2013",16.25,16.20,16.40,16.20,282.20K
1623,"Feb 20, 2013",16.30,16.45,16.45,16.25,1.28M
1624,"Feb 19, 2013",16.35,16.25,16.40,16.25,2.72M
1625,"Feb 18, 2013",16.35,16.20,16.40,16.20,1.63M
1626,"Feb 15, 2013",16.15,16.15,16.25,16.10,483.50K
1627,"Feb 14, 2013",16.15,16.20,16.25,16.15,2.97M
1628,"Feb 13, 2013",16.15,16.50,16.50,16.00,1.79M
1629,"Feb 12, 2013",16.50,16.50,16.60,16.40,3.41M
1630,"Feb 11, 2013",16.50,16.40,16.75,16.40,439.80K
1631,"Feb 08, 2013",16.45,16.35,16.70,16.30,1.30M
1632,"Feb 07, 2013",16.35,16.25,16.65,16.20,2.13M
1633,"Feb 06, 2013",16.20,16.20,16.25,16.15,1.21M
1634,"Feb 05, 2013",16.15,16.15,16.25,16.15,280.80K
1635,"Feb 04, 2013",16.15,16.10,16.25,16.10,392.70K
1636,"Feb 01, 2013",16.10,16.10,16.20,16.10,631.60K
1637,"Jan 31, 2013",16.15,16.10,16.20,16.10,814.90K
1638,"Jan 30, 2013",16.10,16.15,16.20,16.10,167.20K
1639,"Jan 29, 2013",16.10,16.10,16.20,16.10,223.70K
1640,"Jan 28, 2013",16.10,16.10,16.20,16.05,409.40K
1641,"Jan 25, 2013",16.10,16.10,16.15,16.05,434.40K
1642,"Jan 24, 2013",16.10,16.05,16.15,16.05,1.04M
1643,"Jan 23, 2013",16.10,16.10,16.20,16.05,1.05M
1644,"Jan 22, 2013",16.10,16.10,16.25,16.00,1.95M
1645,"Jan 21, 2013",16.10,16.00,16.20,16.00,2.31M
1646,"Jan 18, 2013",16.00,16.20,16.25,16.00,2.36M
1647,"Jan 17, 2013",16.25,16.50,17.00,16.00,529.40K
1648,"Jan 16, 2013",16.15,15.70,16.50,15.70,956.50K
1649,"Jan 15, 2013",15.70,15.65,15.80,15.50,2.32M
1650,"Jan 14, 2013",15.50,15.60,15.65,15.40,265.20K
1651,"Jan 11, 2013",15.40,15.60,15.65,15.35,1.06M
1652,"Jan 10, 2013",15.45,15.50,15.70,15.30,172.30K
1653,"Jan 09, 2013",15.60,15.75,15.90,15.30,151.20K
1654,"Jan 08, 2013",15.70,15.80,15.85,15.50,200.20K
1655,"Jan 07, 2013",15.75,15.80,15.95,15.70,246.40K
1656,"Jan 04, 2013",15.80,15.95,16.00,15.70,391.90K
1657,"Jan 03, 2013",15.80,15.75,16.00,15.70,97.90K
1658,"Jan 02, 2013",15.70,16.00,16.00,15.65,78.20K
1659,"Dec 31, 2012",15.75,15.95,16.00,15.60,1.34M
1660,"Dec 28, 2012",15.70,15.65,16.00,15.55,240.30K
1661,"Dec 27, 2012",15.70,15.60,16.00,15.60,79.40K
1662,"Dec 24, 2012",15.50,15.50,15.60,15.50,128.30K
1663,"Dec 21, 2012",15.30,15.10,15.50,15.10,553.00K
1664,"Dec 20, 2012",15.05,14.85,15.35,14.85,300.60K
1665,"Dec 19, 2012",14.85,15.00,15.00,14.85,339.10K
1666,"Dec 18, 2012",14.70,14.70,15.00,14.60,1.70M
1667,"Dec 17, 2012",14.65,14.65,14.75,14.50,1.49M
1668,"Dec 14, 2012",14.65,14.65,14.70,14.60,950.90K
1669,"Dec 13, 2012",14.65,14.45,14.80,14.25,376.00K
1670,"Dec 11, 2012",14.45,14.10,15.20,14.00,365.70K
1671,"Dec 10, 2012",14.10,14.25,14.40,14.00,121.00K
1672,"Dec 07, 2012",14.25,14.25,14.50,14.20,150.40K
1673,"Dec 06, 2012",14.25,14.45,14.50,14.10,62.60K
1674,"Dec 05, 2012",14.45,14.50,14.60,14.10,2.61M
1675,"Dec 04, 2012",14.50,14.50,14.60,14.40,622.10K
1676,"Dec 03, 2012",14.50,14.50,14.60,14.45,295.60K
1677,"Nov 30, 2012",14.50,14.50,14.60,14.50,333.00K
1678,"Nov 29, 2012",14.50,14.60,14.60,14.50,163.10K
1679,"Nov 28, 2012",14.60,14.70,14.70,14.50,204.30K
1680,"Nov 27, 2012",14.70,15.00,15.55,14.55,468.30K
1681,"Nov 26, 2012",15.00,15.35,15.40,14.85,613.80K
1682,"Nov 23, 2012",15.35,15.40,15.50,15.20,365.40K
1683,"Nov 22, 2012",15.40,15.40,15.50,15.35,289.90K
1684,"Nov 21, 2012",15.40,15.40,15.50,15.35,146.40K
1685,"Nov 20, 2012",15.40,15.40,15.50,15.35,142.30K
1686,"Nov 19, 2012",15.40,15.30,15.50,15.30,1.07M
1687,"Nov 16, 2012",15.30,15.20,15.40,15.20,316.50K
1688,"Nov 15, 2012",15.20,14.95,15.50,15.05,231.60K
1689,"Nov 14, 2012",14.95,14.80,15.40,14.80,1.50M
1690,"Nov 13, 2012",14.80,14.90,15.00,14.70,2.28M
1691,"Nov 12, 2012",14.90,15.35,15.50,14.55,398.40K
1692,"Nov 09, 2012",15.35,15.60,15.60,14.10,73.50K
1693,"Nov 08, 2012",15.60,15.75,15.70,15.50,1.21M
1694,"Nov 07, 2012",15.70,15.75,15.80,15.70,1.06M
1695,"Nov 06, 2012",15.75,15.70,15.80,15.70,1.43M
1696,"Nov 05, 2012",15.70,15.60,15.80,15.55,566.90K
1697,"Nov 02, 2012",15.60,15.65,15.80,15.50,374.90K
1698,"Nov 01, 2012",15.65,15.80,15.80,15.50,144.00K
1699,"Oct 31, 2012",15.80,15.80,15.90,15.70,353.30K
1700,"Oct 30, 2012",15.80,15.70,16.00,15.75,518.80K
1701,"Oct 29, 2012",15.70,15.60,16.00,15.55,1.38M
1702,"Oct 26, 2012",15.60,15.70,16.00,15.50,604.40K
1703,"Oct 25, 2012",15.70,15.50,15.95,15.50,308.90K
1704,"Oct 24, 2012",15.50,14.85,15.70,15.00,719.80K
1705,"Oct 23, 2012",14.85,14.60,15.50,14.60,1.29M
1706,"Oct 22, 2012",14.60,14.50,14.80,14.60,178.10K
1707,"Oct 19, 2012",14.50,14.40,14.60,14.50,4.69M
1708,"Oct 18, 2012",14.40,14.25,14.50,14.25,843.00K
1709,"Oct 17, 2012",14.25,14.15,14.40,14.15,170.00K
1710,"Oct 16, 2012",14.15,14.05,14.25,14.10,628.60K
1711,"Oct 15, 2012",14.05,14.05,14.20,14.00,335.20K
1712,"Oct 12, 2012",14.05,14.05,14.25,14.00,421.80K
1713,"Oct 11, 2012",14.05,14.00,14.30,14.00,549.60K
1714,"Oct 10, 2012",14.00,13.95,14.20,13.90,1.36M
1715,"Oct 09, 2012",13.95,13.95,14.35,13.80,1.25M
1716,"Oct 08, 2012",13.95,14.35,14.55,13.70,204.00K
1717,"Oct 05, 2012",14.35,14.50,14.55,13.55,226.50K
1718,"Oct 04, 2012",14.50,14.40,14.60,14.45,152.60K
1719,"Oct 03, 2012",14.40,14.50,14.55,14.40,1.37M
1720,"Oct 02, 2012",14.50,14.55,14.65,14.50,150.10K
1721,"Oct 01, 2012",14.55,14.60,14.70,14.50,96.90K
1722,"Sep 28, 2012",14.60,14.50,14.70,14.50,168.20K
1723,"Sep 27, 2012",14.50,14.65,14.60,14.50,238.30K
1724,"Sep 26, 2012",14.65,14.55,14.85,14.50,334.80K
1725,"Sep 25, 2012",14.55,14.60,14.65,14.50,239.10K
1726,"Sep 24, 2012",14.60,14.65,14.85,14.00,214.00K
1727,"Sep 21, 2012",14.65,14.55,14.85,14.55,1.11M
1728,"Sep 20, 2012",14.55,14.60,14.75,14.50,89.90K
1729,"Sep 19, 2012",14.60,14.60,14.75,14.50,318.20K
1730,"Sep 18, 2012",14.60,14.65,14.65,14.50,149.10K
1731,"Sep 17, 2012",14.65,14.45,14.75,14.45,128.70K
1732,"Sep 14, 2012",14.45,14.45,14.75,14.40,3.23M
1733,"Sep 13, 2012",14.45,14.40,14.60,14.30,200.20K
1734,"Sep 12, 2012",14.40,13.95,14.60,14.15,2.97M
1735,"Sep 11, 2012",13.95,14.15,14.20,13.50,247.80K
1736,"Sep 10, 2012",14.15,14.20,14.40,13.95,270.90K
1737,"Sep 07, 2012",14.20,14.25,14.30,13.95,823.60K
1738,"Sep 06, 2012",14.25,14.40,14.40,13.95,892.30K
1739,"Sep 05, 2012",14.40,14.40,14.55,13.90,1.27M
1740,"Sep 04, 2012",14.40,14.65,14.75,14.05,235.40K
1741,"Sep 03, 2012",14.65,14.65,14.75,14.50,448.00K
1742,"Aug 31, 2012",14.65,14.80,15.00,14.60,161.80K
1743,"Aug 30, 2012",14.80,14.55,14.90,14.60,975.50K
1744,"Aug 29, 2012",14.55,14.40,14.80,14.50,122.30K
1745,"Aug 28, 2012",14.40,14.05,14.55,14.10,2.27M
1746,"Aug 27, 2012",14.05,14.05,14.20,14.00,233.10K
1747,"Aug 24, 2012",14.05,14.00,14.20,13.95,443.50K
1748,"Aug 23, 2012",14.00,13.95,14.10,13.95,332.60K
1749,"Aug 22, 2012",13.95,14.00,14.00,13.60,229.60K
1750,"Aug 21, 2012",14.00,14.00,14.15,13.50,422.40K
1751,"Aug 17, 2012",14.00,14.00,14.10,13.95,265.90K
1752,"Aug 16, 2012",14.00,13.95,14.10,13.95,133.40K
1753,"Aug 15, 2012",13.95,13.95,14.15,13.50,220.30K
1754,"Aug 14, 2012",13.95,14.25,14.30,13.75,173.40K
1755,"Aug 13, 2012",14.25,14.30,14.30,14.15,864.70K
1756,"Aug 10, 2012",14.30,14.30,14.40,14.20,561.80K
1757,"Aug 09, 2012",14.30,14.15,14.40,14.15,920.00K
1758,"Aug 08, 2012",14.15,14.05,14.30,14.10,250.80K
1759,"Aug 07, 2012",14.05,14.05,14.20,14.00,1.16M
1760,"Aug 06, 2012",14.05,13.95,14.15,14.00,176.40K
1761,"Aug 03, 2012",13.95,14.00,14.05,13.85,173.60K
1762,"Aug 02, 2012",14.00,13.95,14.05,13.90,1.20M
1763,"Aug 01, 2012",13.95,14.10,14.05,13.75,1.31M
1764,"Jul 31, 2012",14.10,14.25,14.25,14.00,364.40K
1765,"Jul 30, 2012",14.25,14.30,14.30,14.15,150.60K
1766,"Jul 27, 2012",14.30,14.35,14.40,14.25,531.00K
1767,"Jul 26, 2012",14.35,14.40,14.50,14.25,467.60K
1768,"Jul 25, 2012",14.40,14.25,14.50,14.05,1.61M
1769,"Jul 24, 2012",14.25,14.00,14.50,14.10,272.50K
1770,"Jul 23, 2012",14.00,13.95,14.10,13.95,266.00K
1771,"Jul 20, 2012",13.95,13.90,14.00,13.85,1.38M
1772,"Jul 19, 2012",13.90,13.75,14.00,13.80,526.70K
1773,"Jul 18, 2012",13.75,13.75,13.95,13.70,393.80K
1774,"Jul 17, 2012",13.75,13.70,13.85,13.70,1.63M
1775,"Jul 16, 2012",13.70,13.65,13.80,13.65,398.50K
1776,"Jul 13, 2012",13.65,13.75,13.80,13.55,82.00K
1777,"Jul 12, 2012",13.75,13.75,13.95,13.70,513.70K
1778,"Jul 11, 2012",13.75,13.65,13.80,13.65,328.00K
1779,"Jul 10, 2012",13.65,13.50,13.70,13.50,1.42M
1780,"Jul 09, 2012",13.50,13.50,13.70,13.45,396.60K
1781,"Jul 06, 2012",13.45,13.45,13.60,13.45,270.30K
1782,"Jul 05, 2012",13.45,13.20,13.65,13.35,307.30K
1783,"Jul 04, 2012",13.20,13.20,13.45,13.15,125.40K
1784,"Jul 03, 2012",13.20,13.10,13.45,13.10,139.20K
1785,"Jul 02, 2012",13.10,13.05,13.25,13.00,188.00K
1786,"Jun 29, 2012",13.05,13.25,13.50,13.00,407.70K
1787,"Jun 28, 2012",13.25,13.30,13.40,13.00,215.80K
1788,"Jun 27, 2012",13.30,13.50,13.80,13.00,719.30K
1789,"Jun 26, 2012",13.50,13.45,13.60,13.45,154.30K
1790,"Jun 25, 2012",13.45,13.15,13.55,13.20,256.00K
1791,"Jun 22, 2012",13.15,13.10,13.50,13.10,161.60K
1792,"Jun 21, 2012",13.10,13.10,13.20,13.05,1.47M
1793,"Jun 20, 2012",13.10,13.05,13.20,13.00,1.95M
1794,"Jun 19, 2012",13.05,13.00,13.10,12.90,378.70K
1795,"Jun 18, 2012",13.00,13.00,13.30,12.90,420.90K
1796,"Jun 15, 2012",13.00,12.80,13.10,12.90,2.35M
1797,"Jun 14, 2012",12.80,12.85,13.00,12.80,512.60K
1798,"Jun 13, 2012",12.85,12.55,12.90,12.65,370.50K
1799,"Jun 12, 2012",12.55,12.65,12.70,12.50,143.70K
1800,"Jun 11, 2012",12.65,12.75,12.80,12.50,276.90K
1801,"Jun 08, 2012",12.75,12.85,12.90,12.65,444.60K
1802,"Jun 07, 2012",12.85,12.90,12.90,12.80,188.80K
1803,"Jun 06, 2012",12.90,12.85,13.00,12.85,210.20K
1804,"Jun 05, 2012",12.85,12.85,13.00,12.80,112.60K
1805,"Jun 04, 2012",12.85,13.00,13.00,12.75,171.50K
1806,"May 31, 2012",13.00,12.80,13.00,12.75,1.17M
1807,"May 30, 2012",12.80,12.95,13.05,12.70,115.20K
1808,"May 29, 2012",12.95,13.00,13.20,12.80,249.00K
1809,"May 28, 2012",13.00,13.00,13.20,13.00,210.50K
1810,"May 25, 2012",13.00,13.05,13.10,12.95,1.41M
1811,"May 24, 2012",13.05,13.10,13.50,13.00,155.50K
1812,"May 23, 2012",13.10,13.20,13.50,13.00,1.19M
1813,"May 22, 2012",13.20,13.60,13.95,12.95,276.80K
1814,"May 21, 2012",13.60,13.85,14.00,13.20,222.10K
1815,"May 18, 2012",13.85,13.45,14.00,13.70,383.00K
1816,"May 17, 2012",13.45,13.05,13.95,13.10,267.90K
1817,"May 16, 2012",13.05,13.00,13.40,13.00,2.04M
1818,"May 15, 2012",13.00,13.00,13.30,13.00,192.70K
1819,"May 14, 2012",13.00,12.95,13.20,12.90,800.60K
1820,"May 11, 2012",12.95,12.95,13.00,12.90,609.30K
